[Licensing::Module] Trying to connect to existing licensing client channel...
Built from '6000.2/staging' branch; Version is '6000.2.11f1 (7134d7685e5d) revision 7419095'; Using compiler version '194234433'; Build Type 'Release'
OS: 'Windows 11  (10.0.26200) 64bit Professional' Language: 'fr' Physical Memory: 16149 MB
[Licensing::IpcConnector] Successfully connected to: "LicenseClient-Ousman" at "2026-07-07T15:59:01.5711702Z"
BatchMode: 1, IsHumanControllingUs: 0, StartBugReporterOnCrash: 0, Is64bit: 1
Date: 2026-07-07T15:59:01Z

COMMAND LINE ARGUMENTS:
D:\Unity\6000.2.11f1\Editor\Unity.exe
-adb2
-batchMode
-noUpm
-name
AssetImportWorker1
-projectPath
D:/Unity/Projects/tooClose
-logFile
Logs/AssetImportWorker1.log
-srvPort
62517
-licensingIpc
LicenseClient-Ousman
-job-worker-count
3
-background-job-worker-count
8
-gc-helper-count
1
-name
AssetImport
Successfully changed project path to: D:/Unity/Projects/tooClose
D:/Unity/Projects/tooClose
[UnityMemory] Configuration Parameters - Can be set up in boot.config
    "memorysetup-allocator-temp-initial-block-size-main=262144"
    "memorysetup-allocator-temp-initial-block-size-worker=262144"
    "memorysetup-bucket-allocator-granularity=16"
    "memorysetup-bucket-allocator-bucket-count=8"
    "memorysetup-bucket-allocator-block-size=33554432"
    "memorysetup-bucket-allocator-block-count=8"
    "memorysetup-main-allocator-block-size=16777216"
    "memorysetup-thread-allocator-block-size=16777216"
    "memorysetup-gfx-main-allocator-block-size=16777216"
    "memorysetup-gfx-thread-allocator-block-size=16777216"
    "memorysetup-cache-allocator-block-size=4194304"
    "memorysetup-typetree-allocator-block-size=2097152"
    "memorysetup-profiler-bucket-allocator-granularity=16"
    "memorysetup-profiler-bucket-allocator-bucket-count=8"
    "memorysetup-profiler-bucket-allocator-block-size=33554432"
    "memorysetup-profiler-bucket-allocator-block-count=8"
    "memorysetup-profiler-allocator-block-size=16777216"
    "memorysetup-profiler-editor-allocator-block-size=1048576"
    "memorysetup-temp-allocator-size-main=16777216"
    "memorysetup-job-temp-allocator-block-size=2097152"
    "memorysetup-job-temp-allocator-block-size-background=1048576"
    "memorysetup-job-temp-allocator-reduction-small-platforms=262144"
    "memorysetup-temp-allocator-size-background-worker=32768"
    "memorysetup-temp-allocator-size-job-worker=262144"
    "memorysetup-temp-allocator-size-preload-manager=33554432"
    "memorysetup-temp-allocator-size-nav-mesh-worker=65536"
    "memorysetup-temp-allocator-size-audio-worker=65536"
    "memorysetup-temp-allocator-size-cloud-worker=32768"
    "memorysetup-temp-allocator-size-gi-baking-worker=262144"
    "memorysetup-temp-allocator-size-gi-baking-worker=262144"
    "memorysetup-temp-allocator-size-gi-baking-worker=262144"
    "memorysetup-temp-allocator-size-gi-baking-worker=262144"
    "memorysetup-temp-allocator-size-gi-baking-worker=262144"
    "memorysetup-temp-allocator-size-gfx=262144"
Player connection [19444]  Target information:

Player connection [19444]  * "[IP] 172.21.16.1 [Port] 0 [Flags] 2 [Guid] 3339506633 [EditorId] 3339506633 [Version] 1048832 [Id] WindowsEditor(7,HP-PAVILION-OS) [Debug] 1 [PackageName] WindowsEditor [ProjectName] Editor" 

Player connection [19444]  * "[IP] 192.168.1.5 [Port] 0 [Flags] 2 [Guid] 3339506633 [EditorId] 3339506633 [Version] 1048832 [Id] WindowsEditor(7,HP-PAVILION-OS) [Debug] 1 [PackageName] WindowsEditor [ProjectName] Editor" 

Player connection [19444] Host joined multi-casting on [225.0.0.222:54997]...
Player connection [19444] Host joined alternative multi-casting on [225.0.0.222:34997]...
JobSystem: Creating JobQueue using job-worker-count value 3
Input System module state changed to: Initialized.
[Physics::Module] Initialized fallback backend.
[Physics::Module] Id: 0xdecafbad
[Licensing::Client] Code 10 while verifying Licensing Client signature (process Id: 15656, path: "D:/Unity/Unity Hub/UnityLicensingClient_V1/Unity.Licensing.Client.exe")
[Licensing::Module] LicensingClient has failed validation; ignoring
[Licensing::Client] Handshaking with LicensingClient:
  Version:                 1.17.4+4293ba1
  Session Id:              fb3f152d7f0b4dcfa90120591b5e335c
  Correlation Id:          d9b3ce73d77a984c8d188e2d618cf5a3
  External correlation Id: 6454903863891755643
  Machine Id:              japEv33VSu3fV8G5dVxPNuj/pTA=
[Licensing::Module] Successfully connected to LicensingClient on channel: "LicenseClient-Ousman" (connect: 0.00s, validation: 0.01s, handshake: 0.20s)
[Licensing::IpcConnector] Successfully connected to: "LicenseClient-Ousman-notifications" at "2026-07-07T15:59:01.784702Z"
[Licensing::Module] Licensing Background thread has ended after 0.21s
Library Redirect Path: Library/
[Physics::Module] Selected backend.
[Physics::Module] Name: PhysX
[Physics::Module] Id: 0xf2b8ea05
[Physics::Module] SDK Version: 4.1.2
[Physics::Module] Integration Version: 1.0.0
[Physics::Module] Threading Mode: Multi-Threaded
[Licensing::Client] Successfully resolved entitlement details
[Licensing::Module] License group:
  Id: 11270117553698-UnityPersXXXX
  Product: Unity Personal
  Type: Assigned
  Expiration: Unlimited
Refreshing native plugins compatible for Editor in 176.29 ms, found 8 plugins.
Preloading 0 native plugins for Editor in 0.00 ms.
Initialize engine version: 6000.2.11f1 (7134d7685e5d)
[Subsystems] Discovering subsystems at path D:/Unity/6000.2.11f1/Editor/Data/Resources/UnitySubsystems
[Subsystems] Discovering subsystems at path D:/Unity/Projects/tooClose/Assets
GfxDevice: creating device client; kGfxThreadingModeNonThreaded
Direct3D:
    Version:  Direct3D 11.0 [level 11.1]
    Renderer: Intel(R) Iris(R) Xe Graphics (ID=0x9a49)
    Vendor:   Intel
    VRAM:     8074 MB
    Driver:   31.0.101.4502
Initialize mono
Mono path[0] = 'D:/Unity/6000.2.11f1/Editor/Data/Managed'
Mono path[1] = 'D:/Unity/6000.2.11f1/Editor/Data/MonoBleedingEdge/lib/mono/unityjit-win32'
Mono config path = 'D:/Unity/6000.2.11f1/Editor/Data/MonoBleedingEdge/etc'
Using monoOptions --debugger-agent=transport=dt_socket,embedding=1,server=y,suspend=n,address=127.0.0.1:56448
Begin MonoManager ReloadAssembly
Registering precompiled unity dll's ...
Register platform support module: D:/Unity/6000.2.11f1/Editor/Data/PlaybackEngines/WindowsStandaloneSupport/UnityEditor.WindowsStandalone.Extensions.dll
Register platform support module: D:/Unity/6000.2.11f1/Editor/Data/PlaybackEngines/AndroidPlayer/UnityEditor.Android.Extensions.dll
[Licensing::Client] Successfully resolved entitlement details
Register platform support module: D:/Unity/6000.2.11f1/Editor/Data/PlaybackEngines/iOSSupport/UnityEditor.iOS.Extensions.dll
Registered in 0.030452 seconds.
- Loaded All Assemblies, in  1.817 seconds
[usbmuxd] Start listen thread
[usbmuxd] Listen thread started
Native extension for iOS target not found
Native extension for Android target not found
Android Extension - Scanning For ADB Devices 1016 ms
Native extension for WindowsStandalone target not found
Mono: successfully reloaded assembly
- Finished resetting the current domain, in  3.520 seconds
Domain Reload Profiling: 5300ms
	BeginReloadAssembly (736ms)
		ExecutionOrderSort (0ms)
		DisableScriptedObjects (0ms)
		BackupInstance (0ms)
		ReleaseScriptingObjects (0ms)
		CreateAndSetChildDomain (3ms)
	RebuildCommonClasses (84ms)
	RebuildNativeTypeToScriptingClass (31ms)
	initialDomainReloadingComplete (186ms)
	LoadAllAssembliesAndSetupDomain (742ms)
		LoadAssemblies (685ms)
		RebuildTransferFunctionScriptingTraits (0ms)
		AnalyzeDomain (718ms)
			TypeCache.Refresh (713ms)
				TypeCache.ScanAssembly (643ms)
			BuildScriptInfoCaches (0ms)
			ResolveRequiredComponents (1ms)
	FinalizeReload (3521ms)
		ReleaseScriptCaches (0ms)
		RebuildScriptCaches (0ms)
		SetupLoadedEditorAssemblies (3327ms)
			LogAssemblyErrors (0ms)
			InitializePlatformSupportModulesInManaged (2241ms)
			SetLoadedEditorAssemblies (11ms)
			BeforeProcessingInitializeOnLoad (184ms)
			ProcessInitializeOnLoadAttributes (621ms)
			ProcessInitializeOnLoadMethodAttributes (270ms)
			AfterProcessingInitializeOnLoad (0ms)
			EditorAssembliesLoaded (0ms)
		ExecutionOrderSort2 (0ms)
		AwakeInstancesAfterBackupRestoration (0ms)
Assembly reference Packages/com.unity.cinemachine/Editor/Samples/ExposeHDRPInternals/HDRP-Editor-ref.asmref has no target assembly definition
========================================================================
Worker process is ready to serve import requests
Import Worker Mode flag is 0x00
Assembly reference Packages/com.unity.cinemachine/Editor/Samples/ExposeHDRPInternals/HDRP-Editor-ref.asmref has no target assembly definition
Assembly reference Packages/com.unity.cinemachine/Editor/Samples/ExposeHDRPInternals/HDRP-Editor-ref.asmref has no target assembly definition
Begin MonoManager ReloadAssembly
[Licensing::Client] Successfully resolved entitlement details
Symbol file LoadedFromMemory is not a mono symbol file
- Loaded All Assemblies, in  6.567 seconds
Assembly reference Packages/com.unity.cinemachine/Editor/Samples/ExposeHDRPInternals/HDRP-Editor-ref.asmref has no target assembly definition
'Packages/com.unity.cinemachine/Editor/Obsolete/CinemachineVirtualCameraBaseEditor.cs' contains partial class of Unity.Object, exactly 1 of the partial classes needs to be in a file with the same filename. This is to know the one that can be referenced from ie. GameObjects
'Packages/com.unity.cinemachine/Editor/Editors/CinemachineVirtualCameraBaseEditor.cs' contains partial class of Unity.Object, exactly 1 of the partial classes needs to be in a file with the same filename. This is to know the one that can be referenced from ie. GameObjects
Refreshing native plugins compatible for Editor in 110.03 ms, found 8 plugins.
Native extension for iOS target not found
Native extension for Android target not found
Native extension for WindowsStandalone target not found
Assembly reference Packages/com.unity.cinemachine/Editor/Samples/ExposeHDRPInternals/HDRP-Editor-ref.asmref has no target assembly definition
Package Manager log level set to [2]
[Package Manager] Failed to launch server process. Reason: Unity was launched with the -noUpm command-line argument
[Package Manager] Unable to send message (not connected to server process).
[Package Manager] Cannot connect to Unity Package Manager local server
[Package Manager] Failed to launch server process. Reason: Unity was launched with the -noUpm command-line argument
[Package Manager] Unable to send message (not connected to server process).
[Package Manager] Cannot connect to Unity Package Manager local server
Refreshing native plugins compatible for Editor in 88.39 ms, found 8 plugins.
Mono: successfully reloaded assembly
- Finished resetting the current domain, in  6.395 seconds
Domain Reload Profiling: 12878ms
	BeginReloadAssembly (1018ms)
		ExecutionOrderSort (0ms)
		DisableScriptedObjects (32ms)
		BackupInstance (0ms)
		ReleaseScriptingObjects (0ms)
		CreateAndSetChildDomain (123ms)
	RebuildCommonClasses (179ms)
	RebuildNativeTypeToScriptingClass (53ms)
	initialDomainReloadingComplete (293ms)
	LoadAllAssembliesAndSetupDomain (4936ms)
		LoadAssemblies (3467ms)
		RebuildTransferFunctionScriptingTraits (0ms)
		AnalyzeDomain (2094ms)
			TypeCache.Refresh (1479ms)
				TypeCache.ScanAssembly (1377ms)
			BuildScriptInfoCaches (493ms)
			ResolveRequiredComponents (97ms)
	FinalizeReload (6398ms)
		ReleaseScriptCaches (0ms)
		RebuildScriptCaches (0ms)
		SetupLoadedEditorAssemblies (5304ms)
			LogAssemblyErrors (0ms)
			InitializePlatformSupportModulesInManaged (152ms)
			SetLoadedEditorAssemblies (22ms)
			BeforeProcessingInitializeOnLoad (1264ms)
			ProcessInitializeOnLoadAttributes (2985ms)
			ProcessInitializeOnLoadMethodAttributes (797ms)
			AfterProcessingInitializeOnLoad (83ms)
			EditorAssembliesLoaded (2ms)
		ExecutionOrderSort2 (0ms)
		AwakeInstancesAfterBackupRestoration (29ms)
Launched and connected shader compiler UnityShaderCompiler.exe after 0.04 seconds
Refreshing native plugins compatible for Editor in 94.75 ms, found 8 plugins.
Preloading 0 native plugins for Editor in 0.00 ms.
Unloading 15 Unused Serialized files (Serialized files now loaded: 0)
Unloading 8484 unused Assets / (4.4 MB). Loaded Objects now: 9185.
Memory consumption went from 160.1 MB to 155.7 MB.
Total: 41.596100 ms (FindLiveObjects: 3.095800 ms CreateObjectMapping: 3.191400 ms MarkObjects: 20.713200 ms  DeleteObjects: 14.593800 ms)

========================================================================
Received Import Request.
  Time since last request: 62444.553461 seconds.
  path: Assets/TooClose1024x500NEW.png
  artifactKey: Guid(a0918fde49826ae43aa420a9d205f2d4) Importer(815301076,1909f56bfc062723c751e8b465ee728b)
Start importing Assets/TooClose1024x500NEW.png using Guid(a0918fde49826ae43aa420a9d205f2d4) Importer(815301076,1909f56bfc062723c751e8b465ee728b) (PreviewImporter) -> (artifact id: 'ad1fa18e938135dd08879aa226efa7d4') in 0.3705432 seconds
Number of updated asset objects reloaded before import = 0Number of asset objects unloaded after import = 3

========================================================================
Received Import Request.
  Time since last request: 0.000092 seconds.
  path: Assets/Imports/kenney_ui-pack/PNG/Green/Double/button_square_gloss.png
  artifactKey: Guid(b8fd59826c1c6ea4e92ca38488ad4d79) Importer(815301076,1909f56bfc062723c751e8b465ee728b)
Start importing Assets/Imports/kenney_ui-pack/PNG/Green/Double/button_square_gloss.png using Guid(b8fd59826c1c6ea4e92ca38488ad4d79) Importer(815301076,1909f56bfc062723c751e8b465ee728b) (PreviewImporter) -> (artifact id: '39afa19022e5fb524d90a3b7e29e9137') in 0.0350239 seconds
Number of updated asset objects reloaded before import = 0Number of asset objects unloaded after import = 3

========================================================================
Received Import Request.
  Time since last request: 0.000076 seconds.
  path: Assets/Imports/kenney_ui-pack/PNG/Green/Double/button_square_gradient.png
  artifactKey: Guid(8e1eff8091a8ba6428e8b3fe2ceed8ac) Importer(815301076,1909f56bfc062723c751e8b465ee728b)
Start importing Assets/Imports/kenney_ui-pack/PNG/Green/Double/button_square_gradient.png using Guid(8e1eff8091a8ba6428e8b3fe2ceed8ac) Importer(815301076,1909f56bfc062723c751e8b465ee728b) (PreviewImporter) -> (artifact id: '94bb17c035a6febcee18681bf2944d01') in 0.0418291 seconds
Number of updated asset objects reloaded before import = 0Number of asset objects unloaded after import = 3

========================================================================
Received Import Request.
  Time since last request: 0.000031 seconds.
  path: Assets/TooClose!NewLogo.png
  artifactKey: Guid(c002aa1b20af9f047b31f2030276f23f) Importer(815301076,1909f56bfc062723c751e8b465ee728b)
Start importing Assets/TooClose!NewLogo.png using Guid(c002aa1b20af9f047b31f2030276f23f) Importer(815301076,1909f56bfc062723c751e8b465ee728b) (PreviewImporter) -> (artifact id: '033dbb6bcfc0a070aa8d7d6076c81d50') in 0.0442269 seconds
Number of updated asset objects reloaded before import = 0Number of asset objects unloaded after import = 3

========================================================================
Received Import Request.
  Time since last request: 0.000055 seconds.
  path: Assets/Imports/kenney_ui-pack/PNG/Green/Double/button_rectangle_flat.png
  artifactKey: Guid(8ae75f41c617da94888bf83f149827c8) Importer(815301076,1909f56bfc062723c751e8b465ee728b)
Start importing Assets/Imports/kenney_ui-pack/PNG/Green/Double/button_rectangle_flat.png using Guid(8ae75f41c617da94888bf83f149827c8) Importer(815301076,1909f56bfc062723c751e8b465ee728b) (PreviewImporter) -> (artifact id: '2d4036820190e98dbfbeafb19b95f4e6') in 0.0403967 seconds
Number of updated asset objects reloaded before import = 0Number of asset objects unloaded after import = 3

========================================================================
Received Import Request.
  Time since last request: 0.000081 seconds.
  path: Assets/Imports/kenney_ui-pack/PNG/Green/Double/check_round_grey.png
  artifactKey: Guid(ffc8b317890eda44da73165bd735726c) Importer(815301076,1909f56bfc062723c751e8b465ee728b)
Start importing Assets/Imports/kenney_ui-pack/PNG/Green/Double/check_round_grey.png using Guid(ffc8b317890eda44da73165bd735726c) Importer(815301076,1909f56bfc062723c751e8b465ee728b) (PreviewImporter) -> (artifact id: 'c27e92b8e965835e785727dec019a329') in 0.0341894 seconds
Number of updated asset objects reloaded before import = 0Number of asset objects unloaded after import = 3

========================================================================
Received Import Request.
  Time since last request: 0.000066 seconds.
  path: Assets/Imports/kenney_ui-pack/PNG/Green/Double/check_square_grey_square.png
  artifactKey: Guid(c116b627f035c42439696e5cc7f1f744) Importer(815301076,1909f56bfc062723c751e8b465ee728b)
Start importing Assets/Imports/kenney_ui-pack/PNG/Green/Double/check_square_grey_square.png using Guid(c116b627f035c42439696e5cc7f1f744) Importer(815301076,1909f56bfc062723c751e8b465ee728b) (PreviewImporter) -> (artifact id: '7ddff5fc276d016952b97663e060a765') in 0.0275916 seconds
Number of updated asset objects reloaded before import = 0Number of asset objects unloaded after import = 3

========================================================================
Received Import Request.
  Time since last request: 0.000107 seconds.
  path: Assets/Screenshot_20260321_212629_Missiles.jpg.jpeg
  artifactKey: Guid(9c44cde17c3b0a542823a392cae264c0) Importer(815301076,1909f56bfc062723c751e8b465ee728b)
Start importing Assets/Screenshot_20260321_212629_Missiles.jpg.jpeg using Guid(9c44cde17c3b0a542823a392cae264c0) Importer(815301076,1909f56bfc062723c751e8b465ee728b) (PreviewImporter) -> (artifact id: 'cb35d6575a0804fdb2b86b50538e2a57') in 0.0529315 seconds
Number of updated asset objects reloaded before import = 0Number of asset objects unloaded after import = 3

========================================================================
Received Import Request.
  Time since last request: 0.000175 seconds.
  path: Assets/Imports/kenney_ui-pack/PNG/Green/Double/check_square_color_checkmark.png
  artifactKey: Guid(9d4241e93bc2ac34585d50c7ecf6d2b3) Importer(815301076,1909f56bfc062723c751e8b465ee728b)
Start importing Assets/Imports/kenney_ui-pack/PNG/Green/Double/check_square_color_checkmark.png using Guid(9d4241e93bc2ac34585d50c7ecf6d2b3) Importer(815301076,1909f56bfc062723c751e8b465ee728b) (PreviewImporter) -> (artifact id: '03541d1f99fd4376232bbff56921ca69') in 0.0319215 seconds
Number of updated asset objects reloaded before import = 0Number of asset objects unloaded after import = 3

========================================================================
Received Import Request.
  Time since last request: 0.000055 seconds.
  path: Assets/Imports/kenney_ui-pack/PNG/Green/Double/button_round_depth_line.png
  artifactKey: Guid(ba3cfd2768088d24abcfded3ffcc85cf) Importer(815301076,1909f56bfc062723c751e8b465ee728b)
Start importing Assets/Imports/kenney_ui-pack/PNG/Green/Double/button_round_depth_line.png using Guid(ba3cfd2768088d24abcfded3ffcc85cf) Importer(815301076,1909f56bfc062723c751e8b465ee728b) (PreviewImporter) -> (artifact id: '7f69e819c0789e31a852a77298d4de26') in 0.0413467 seconds
Number of updated asset objects reloaded before import = 0Number of asset objects unloaded after import = 3

========================================================================
Received Import Request.
  Time since last request: 0.000076 seconds.
  path: Assets/Imports/kenney_ui-pack/PNG/Green/Double/icon_outline_square.png
  artifactKey: Guid(07158065b42a4c741a0973e314169df9) Importer(815301076,1909f56bfc062723c751e8b465ee728b)
Start importing Assets/Imports/kenney_ui-pack/PNG/Green/Double/icon_outline_square.png using Guid(07158065b42a4c741a0973e314169df9) Importer(815301076,1909f56bfc062723c751e8b465ee728b) (PreviewImporter) -> (artifact id: 'ae4084d77620c301bbef2ebed35fb653') in 0.0454348 seconds
Number of updated asset objects reloaded before import = 0Number of asset objects unloaded after import = 3

========================================================================
Received Import Request.
  Time since last request: 0.000047 seconds.
  path: Assets/Imports/kenney_ui-pack/PNG/Green/Double/button_round_gradient.png
  artifactKey: Guid(fe2d65ba2c0322a47ac13c1f47ff8abd) Importer(815301076,1909f56bfc062723c751e8b465ee728b)
Start importing Assets/Imports/kenney_ui-pack/PNG/Green/Double/button_round_gradient.png using Guid(fe2d65ba2c0322a47ac13c1f47ff8abd) Importer(815301076,1909f56bfc062723c751e8b465ee728b) (PreviewImporter) -> (artifact id: '1b6576536763c0ffc3fbd02fb0f951dc') in 0.0354163 seconds
Number of updated asset objects reloaded before import = 0Number of asset objects unloaded after import = 3

========================================================================
Received Import Request.
  Time since last request: 0.000102 seconds.
  path: Assets/Imports/kenney_ui-pack/PNG/Green/Double/check_round_color.png
  artifactKey: Guid(bf2c96007a2fac24e9179c1ed64f0c03) Importer(815301076,1909f56bfc062723c751e8b465ee728b)
Start importing Assets/Imports/kenney_ui-pack/PNG/Green/Double/check_round_color.png using Guid(bf2c96007a2fac24e9179c1ed64f0c03) Importer(815301076,1909f56bfc062723c751e8b465ee728b) (PreviewImporter) -> (artifact id: '2a0111bc80ebf4b349d91030cf136fae') in 0.0311633 seconds
Number of updated asset objects reloaded before import = 0Number of asset objects unloaded after import = 3

========================================================================
Received Import Request.
  Time since last request: 0.000034 seconds.
  path: Assets/TooClose!.png
  artifactKey: Guid(eeb72a1b8deb5d74db9753b6c00b4ba1) Importer(815301076,1909f56bfc062723c751e8b465ee728b)
Start importing Assets/TooClose!.png using Guid(eeb72a1b8deb5d74db9753b6c00b4ba1) Importer(815301076,1909f56bfc062723c751e8b465ee728b) (PreviewImporter) -> (artifact id: '816ceff272a79e4d0deed612b08e12cb') in 0.0418918 seconds
Number of updated asset objects reloaded before import = 0Number of asset objects unloaded after import = 3

========================================================================
Received Import Request.
  Time since last request: 0.000053 seconds.
  path: Assets/Imports/kenney_ui-pack/PNG/Green/Double/icon_outline_checkmark.png
  artifactKey: Guid(6bb4efdcbd46c694a9a252a3147adc86) Importer(815301076,1909f56bfc062723c751e8b465ee728b)
Start importing Assets/Imports/kenney_ui-pack/PNG/Green/Double/icon_outline_checkmark.png using Guid(6bb4efdcbd46c694a9a252a3147adc86) Importer(815301076,1909f56bfc062723c751e8b465ee728b) (PreviewImporter) -> (artifact id: '0794fdac5945640eff574e2b98d2f26a') in 0.0391278 seconds
Number of updated asset objects reloaded before import = 0Number of asset objects unloaded after import = 3

========================================================================
Received Import Request.
  Time since last request: 0.000032 seconds.
  path: Assets/Imports/kenney_ui-pack/PNG/Green/Double/slide_horizontal_color_section_wide.png
  artifactKey: Guid(cef51552c2befca428cbb932685228a4) Importer(815301076,1909f56bfc062723c751e8b465ee728b)
Start importing Assets/Imports/kenney_ui-pack/PNG/Green/Double/slide_horizontal_color_section_wide.png using Guid(cef51552c2befca428cbb932685228a4) Importer(815301076,1909f56bfc062723c751e8b465ee728b) (PreviewImporter) -> (artifact id: '422e2715c4aaa2133aaaa34bc45bc75c') in 0.0367426 seconds
Number of updated asset objects reloaded before import = 0Number of asset objects unloaded after import = 3

========================================================================
Received Import Request.
  Time since last request: 0.000065 seconds.
  path: Assets/Imports/kenney_ui-pack/PNG/Green/Double/icon_square.png
  artifactKey: Guid(6d48ab95f2785f241a26f79c591031c6) Importer(815301076,1909f56bfc062723c751e8b465ee728b)
Start importing Assets/Imports/kenney_ui-pack/PNG/Green/Double/icon_square.png using Guid(6d48ab95f2785f241a26f79c591031c6) Importer(815301076,1909f56bfc062723c751e8b465ee728b) (PreviewImporter) -> (artifact id: 'ff8216c5ff6972203bdd2830ecf293bb') in 0.0332418 seconds
Number of updated asset objects reloaded before import = 0Number of asset objects unloaded after import = 3

========================================================================
Received Import Request.
  Time since last request: 0.000067 seconds.
  path: Assets/TooClose!New.png
  artifactKey: Guid(84fbb1be18a983b45badc9afec557733) Importer(815301076,1909f56bfc062723c751e8b465ee728b)
Start importing Assets/TooClose!New.png using Guid(84fbb1be18a983b45badc9afec557733) Importer(815301076,1909f56bfc062723c751e8b465ee728b) (PreviewImporter) -> (artifact id: '9afbba1d883d7d648d345c1f07385e74') in 0.0639202 seconds
Number of updated asset objects reloaded before import = 0Number of asset objects unloaded after import = 3

========================================================================
Received Import Request.
  Time since last request: 0.000100 seconds.
  path: Assets/Imports/kenney_ui-pack/PNG/Green/Double/button_square_line.png
  artifactKey: Guid(9b828b7179c29194488007e73d3a34bc) Importer(815301076,1909f56bfc062723c751e8b465ee728b)
Start importing Assets/Imports/kenney_ui-pack/PNG/Green/Double/button_square_line.png using Guid(9b828b7179c29194488007e73d3a34bc) Importer(815301076,1909f56bfc062723c751e8b465ee728b) (PreviewImporter) -> (artifact id: '46261729425a1dbd750ab42ee3130284') in 0.0328915 seconds
Number of updated asset objects reloaded before import = 0Number of asset objects unloaded after import = 3

========================================================================
Received Import Request.
  Time since last request: 0.000336 seconds.
  path: Assets/Imports/kenney_ui-pack/PNG/Green/Double/button_round_flat.png
  artifactKey: Guid(02047d69aa971044c94ac276498fb4d4) Importer(815301076,1909f56bfc062723c751e8b465ee728b)
Start importing Assets/Imports/kenney_ui-pack/PNG/Green/Double/button_round_flat.png using Guid(02047d69aa971044c94ac276498fb4d4) Importer(815301076,1909f56bfc062723c751e8b465ee728b) (PreviewImporter) -> (artifact id: 'c5cab07916987ad53a1c8a72fce942e9') in 0.0362876 seconds
Number of updated asset objects reloaded before import = 0Number of asset objects unloaded after import = 3

========================================================================
Received Import Request.
  Time since last request: 0.000051 seconds.
  path: Assets/Scripts
  artifactKey: Guid(db3f05c03d2f91e4881a9d69d220d769) Importer(815301076,1909f56bfc062723c751e8b465ee728b)
Start importing Assets/Scripts using Guid(db3f05c03d2f91e4881a9d69d220d769) Importer(815301076,1909f56bfc062723c751e8b465ee728b) (PreviewImporter) -> (artifact id: 'd7600a45cba3f5a4149de52f00c4315d') in 0.0020161 seconds
Number of updated asset objects reloaded before import = 0Number of asset objects unloaded after import = 0

========================================================================
Received Import Request.
  Time since last request: 0.000034 seconds.
  path: Assets/Imports/kenney_ui-pack/PNG/Green/Double/icon_checkmark.png
  artifactKey: Guid(a17617b1d049ff54c913712b7fe1f217) Importer(815301076,1909f56bfc062723c751e8b465ee728b)
Start importing Assets/Imports/kenney_ui-pack/PNG/Green/Double/icon_checkmark.png using Guid(a17617b1d049ff54c913712b7fe1f217) Importer(815301076,1909f56bfc062723c751e8b465ee728b) (PreviewImporter) -> (artifact id: 'ab6e023116a7a2fb5d12d21aa1db5757') in 0.0743816 seconds
Number of updated asset objects reloaded before import = 0Number of asset objects unloaded after import = 3

========================================================================
Received Import Request.
  Time since last request: 0.000099 seconds.
  path: Assets/Lateral.png
  artifactKey: Guid(e67e6ee06f4cd2542b3faa47e4abcc60) Importer(815301076,1909f56bfc062723c751e8b465ee728b)
Start importing Assets/Lateral.png using Guid(e67e6ee06f4cd2542b3faa47e4abcc60) Importer(815301076,1909f56bfc062723c751e8b465ee728b) (PreviewImporter) -> (artifact id: '25a503500439b019e98fcfe7bb0828d9') in 0.0517633 seconds
Number of updated asset objects reloaded before import = 0Number of asset objects unloaded after import = 3

========================================================================
Received Import Request.
  Time since last request: 0.000047 seconds.
  path: Assets/Imports/kenney_ui-pack/PNG/Green/Double/star_outline.png
  artifactKey: Guid(a72de59be0dd90346a622a71c336c1f3) Importer(815301076,1909f56bfc062723c751e8b465ee728b)
Start importing Assets/Imports/kenney_ui-pack/PNG/Green/Double/star_outline.png using Guid(a72de59be0dd90346a622a71c336c1f3) Importer(815301076,1909f56bfc062723c751e8b465ee728b) (PreviewImporter) -> (artifact id: '52f288d89856b6fb4babcd249182ffe9') in 0.0361564 seconds
Number of updated asset objects reloaded before import = 0Number of asset objects unloaded after import = 3

========================================================================
Received Import Request.
  Time since last request: 0.000048 seconds.
  path: Assets/Imports/kenney_ui-pack/PNG/Green/Double/icon_cross.png
  artifactKey: Guid(a44856b246d9ebf40832f4343e596e1d) Importer(815301076,1909f56bfc062723c751e8b465ee728b)
Start importing Assets/Imports/kenney_ui-pack/PNG/Green/Double/icon_cross.png using Guid(a44856b246d9ebf40832f4343e596e1d) Importer(815301076,1909f56bfc062723c751e8b465ee728b) (PreviewImporter) -> (artifact id: 'd67999b25b2d6b2e80a0107a811a7b07') in 0.0441302 seconds
Number of updated asset objects reloaded before import = 0Number of asset objects unloaded after import = 3

========================================================================
Received Import Request.
  Time since last request: 0.000072 seconds.
  path: Assets/Imports/kenney_ui-pack/PNG/Green/Double/slide_horizontal_color.png
  artifactKey: Guid(52d61583bbe20bb489c242fcab2e2dd2) Importer(815301076,1909f56bfc062723c751e8b465ee728b)
Start importing Assets/Imports/kenney_ui-pack/PNG/Green/Double/slide_horizontal_color.png using Guid(52d61583bbe20bb489c242fcab2e2dd2) Importer(815301076,1909f56bfc062723c751e8b465ee728b) (PreviewImporter) -> (artifact id: '89b0d609c66b6464d4eae2ef0588be8c') in 0.0357631 seconds
Number of updated asset objects reloaded before import = 0Number of asset objects unloaded after import = 3

========================================================================
Received Import Request.
  Time since last request: 0.000064 seconds.
  path: Assets/Imports/kenney_ui-pack/PNG/Green/Double/slide_vertical_grey.png
  artifactKey: Guid(302dbd470ee7af04c92853e5f146444d) Importer(815301076,1909f56bfc062723c751e8b465ee728b)
Start importing Assets/Imports/kenney_ui-pack/PNG/Green/Double/slide_vertical_grey.png using Guid(302dbd470ee7af04c92853e5f146444d) Importer(815301076,1909f56bfc062723c751e8b465ee728b) (PreviewImporter) -> (artifact id: 'ca301b45048d76c5d2e897bc339df7c2') in 0.029942 seconds
Number of updated asset objects reloaded before import = 0Number of asset objects unloaded after import = 3

========================================================================
Received Import Request.
  Time since last request: 0.000034 seconds.
  path: Assets/Imports/kenney_ui-pack/PNG/Green/Double/button_rectangle_gloss.png
  artifactKey: Guid(1888c3b75acab6a4c8d624dd2c50d540) Importer(815301076,1909f56bfc062723c751e8b465ee728b)
Start importing Assets/Imports/kenney_ui-pack/PNG/Green/Double/button_rectangle_gloss.png using Guid(1888c3b75acab6a4c8d624dd2c50d540) Importer(815301076,1909f56bfc062723c751e8b465ee728b) (PreviewImporter) -> (artifact id: 'acacb48a685be74473d298599dc50b1e') in 0.0584339 seconds
Number of updated asset objects reloaded before import = 0Number of asset objects unloaded after import = 3

========================================================================
Received Import Request.
  Time since last request: 0.000053 seconds.
  path: Assets/Imports/kenney_ui-pack/PNG/Green/Double/button_round_depth_gloss.png
  artifactKey: Guid(9374cfd5b1da60a44ad83ed83d764e19) Importer(815301076,1909f56bfc062723c751e8b465ee728b)
Start importing Assets/Imports/kenney_ui-pack/PNG/Green/Double/button_round_depth_gloss.png using Guid(9374cfd5b1da60a44ad83ed83d764e19) Importer(815301076,1909f56bfc062723c751e8b465ee728b) (PreviewImporter) -> (artifact id: '234a2a7fe252610e252a5811f0726507') in 0.036066 seconds
Number of updated asset objects reloaded before import = 0Number of asset objects unloaded after import = 3

========================================================================
Received Import Request.
  Time since last request: 0.000044 seconds.
  path: Assets/Imports/kenney_ui-pack/PNG/Green/Double/button_round_border.png
  artifactKey: Guid(44c21787193344c4aae59cee6537992b) Importer(815301076,1909f56bfc062723c751e8b465ee728b)
Start importing Assets/Imports/kenney_ui-pack/PNG/Green/Double/button_round_border.png using Guid(44c21787193344c4aae59cee6537992b) Importer(815301076,1909f56bfc062723c751e8b465ee728b) (PreviewImporter) -> (artifact id: 'ee5b701378223292208dc352b6c60474') in 0.1874884 seconds
Number of updated asset objects reloaded before import = 0Number of asset objects unloaded after import = 3

========================================================================
Received Import Request.
  Time since last request: 0.000062 seconds.
  path: Assets/Imports/kenney_ui-pack/PNG/Green/Double/button_round_depth_border.png
  artifactKey: Guid(234e42b3eedfdae4db3d326caad0e6c8) Importer(815301076,1909f56bfc062723c751e8b465ee728b)
Start importing Assets/Imports/kenney_ui-pack/PNG/Green/Double/button_round_depth_border.png using Guid(234e42b3eedfdae4db3d326caad0e6c8) Importer(815301076,1909f56bfc062723c751e8b465ee728b) (PreviewImporter) -> (artifact id: 'd67f018fb1eed08847db2d4f1d47d479') in 0.0589581 seconds
Number of updated asset objects reloaded before import = 0Number of asset objects unloaded after import = 3

========================================================================
Received Import Request.
  Time since last request: 0.000041 seconds.
  path: Assets/Imports/kenney_ui-pack/PNG/Green/Double/slide_vertical_color_section_wide.png
  artifactKey: Guid(c5e90253be272f647a2ca698c55b4859) Importer(815301076,1909f56bfc062723c751e8b465ee728b)
Start importing Assets/Imports/kenney_ui-pack/PNG/Green/Double/slide_vertical_color_section_wide.png using Guid(c5e90253be272f647a2ca698c55b4859) Importer(815301076,1909f56bfc062723c751e8b465ee728b) (PreviewImporter) -> (artifact id: 'ccd1c42d11a3d3b7a1bf7feacaa41306') in 0.0342168 seconds
Number of updated asset objects reloaded before import = 0Number of asset objects unloaded after import = 3

========================================================================
Received Import Request.
  Time since last request: 0.000083 seconds.
  path: Assets/Imports/kenney_ui-pack/PNG/Green/Double/slide_horizontal_grey.png
  artifactKey: Guid(1b4c8210db91c4c4d99dc76436a6ea26) Importer(815301076,1909f56bfc062723c751e8b465ee728b)
Start importing Assets/Imports/kenney_ui-pack/PNG/Green/Double/slide_horizontal_grey.png using Guid(1b4c8210db91c4c4d99dc76436a6ea26) Importer(815301076,1909f56bfc062723c751e8b465ee728b) (PreviewImporter) -> (artifact id: '5fccec24da5840f758ee0c7370b88616') in 0.0305758 seconds
Number of updated asset objects reloaded before import = 0Number of asset objects unloaded after import = 3

========================================================================
Received Import Request.
  Time since last request: 0.000031 seconds.
  path: Assets/Imports/kenney_ui-pack/PNG/Green/Double/slide_horizontal_color_section.png
  artifactKey: Guid(134dd6413e096d24f8aa924b0165cdca) Importer(815301076,1909f56bfc062723c751e8b465ee728b)
Start importing Assets/Imports/kenney_ui-pack/PNG/Green/Double/slide_horizontal_color_section.png using Guid(134dd6413e096d24f8aa924b0165cdca) Importer(815301076,1909f56bfc062723c751e8b465ee728b) (PreviewImporter) -> (artifact id: 'e444ff23432dc981adcc1f54d47faf95') in 0.0397775 seconds
Number of updated asset objects reloaded before import = 0Number of asset objects unloaded after import = 3

========================================================================
Received Import Request.
  Time since last request: 18431.689329 seconds.
  path: Assets/Imports/kenney_game-icons-expansion/Game icons (base)/PNG/White/2x/contrast.png
  artifactKey: Guid(b6f18063ff7704c4fab0344952d5178c) Importer(815301076,1909f56bfc062723c751e8b465ee728b)
Start importing Assets/Imports/kenney_game-icons-expansion/Game icons (base)/PNG/White/2x/contrast.png using Guid(b6f18063ff7704c4fab0344952d5178c) Importer(815301076,1909f56bfc062723c751e8b465ee728b) (PreviewImporter) -> (artifact id: '1777aeb6c87b6b95be3ad68e83f814ca') in 0.4136365 seconds
Number of updated asset objects reloaded before import = 0Number of asset objects unloaded after import = 3

========================================================================
Received Import Request.
  Time since last request: 0.000391 seconds.
  path: Assets/Imports/kenney_space-shooter-redux/PNG/Effects/star2.png
  artifactKey: Guid(fd86d5297abed8343b7420c9a420f37e) Importer(815301076,1909f56bfc062723c751e8b465ee728b)
Start importing Assets/Imports/kenney_space-shooter-redux/PNG/Effects/star2.png using Guid(fd86d5297abed8343b7420c9a420f37e) Importer(815301076,1909f56bfc062723c751e8b465ee728b) (PreviewImporter) -> (artifact id: '5a8c99bb268f02054470ae569d897aee') in 0.0258925 seconds
Number of updated asset objects reloaded before import = 0Number of asset objects unloaded after import = 3

========================================================================
Received Import Request.
  Time since last request: 0.000049 seconds.
  path: Assets/Imports/kenney_space-shooter-redux/PNG/Power-ups/powerupBlue_star.png
  artifactKey: Guid(382ee4f9f6ba95d45aedb7f047433fd4) Importer(815301076,1909f56bfc062723c751e8b465ee728b)
Start importing Assets/Imports/kenney_space-shooter-redux/PNG/Power-ups/powerupBlue_star.png using Guid(382ee4f9f6ba95d45aedb7f047433fd4) Importer(815301076,1909f56bfc062723c751e8b465ee728b) (PreviewImporter) -> (artifact id: 'bff4a3df2f00f1c9c6309a8047e03a4c') in 0.0288851 seconds
Number of updated asset objects reloaded before import = 0Number of asset objects unloaded after import = 3

========================================================================
Received Import Request.
  Time since last request: 0.000030 seconds.
  path: Assets/Imports/mobile-controls-1/Sprites/Highlights B/Default/dpad_element_east_highlight.png
  artifactKey: Guid(866c026d871ba1742ac696db13144696) Importer(815301076,1909f56bfc062723c751e8b465ee728b)
Start importing Assets/Imports/mobile-controls-1/Sprites/Highlights B/Default/dpad_element_east_highlight.png using Guid(866c026d871ba1742ac696db13144696) Importer(815301076,1909f56bfc062723c751e8b465ee728b) (PreviewImporter) -> (artifact id: 'f99dabb85069dd83d7c46c5320d5bfb4') in 0.0248765 seconds
Number of updated asset objects reloaded before import = 0Number of asset objects unloaded after import = 3

========================================================================
Received Import Request.
  Time since last request: 0.000035 seconds.
  path: Assets/Imports/mobile-controls-1/Sprites/Style G/Large (2×)/dpad_element_east.png
  artifactKey: Guid(bc22c9472542b3042b352ef8620c1754) Importer(815301076,1909f56bfc062723c751e8b465ee728b)
Start importing Assets/Imports/mobile-controls-1/Sprites/Style G/Large (2×)/dpad_element_east.png using Guid(bc22c9472542b3042b352ef8620c1754) Importer(815301076,1909f56bfc062723c751e8b465ee728b) (PreviewImporter) -> (artifact id: 'e9767bf2173747ab6c0150ffe262757d') in 0.0275509 seconds
Number of updated asset objects reloaded before import = 0Number of asset objects unloaded after import = 3

========================================================================
Received Import Request.
  Time since last request: 0.000043 seconds.
  path: Assets/Imports/kenney_ui-pack/PNG/Grey/Default/star_outline.png
  artifactKey: Guid(4303294ac29d8dd46a1eab94e51412ca) Importer(815301076,1909f56bfc062723c751e8b465ee728b)
Start importing Assets/Imports/kenney_ui-pack/PNG/Grey/Default/star_outline.png using Guid(4303294ac29d8dd46a1eab94e51412ca) Importer(815301076,1909f56bfc062723c751e8b465ee728b) (PreviewImporter) -> (artifact id: '13b2507697aaf97f3823299ecee16b72') in 0.0235479 seconds
Number of updated asset objects reloaded before import = 0Number of asset objects unloaded after import = 3

========================================================================
Received Import Request.
  Time since last request: 0.000025 seconds.
  path: Assets/Imports/mobile-controls-1/Sprites/Style C/Default/dpad_element_east.png
  artifactKey: Guid(09e3fa76e41907f4d93cda92e3e2e684) Importer(815301076,1909f56bfc062723c751e8b465ee728b)
Start importing Assets/Imports/mobile-controls-1/Sprites/Style C/Default/dpad_element_east.png using Guid(09e3fa76e41907f4d93cda92e3e2e684) Importer(815301076,1909f56bfc062723c751e8b465ee728b) (PreviewImporter) -> (artifact id: 'a48a6467f0a62b6ce5cbcc00e97fa03b') in 0.0217375 seconds
Number of updated asset objects reloaded before import = 0Number of asset objects unloaded after import = 3

========================================================================
Received Import Request.
  Time since last request: 0.000029 seconds.
  path: Assets/Imports/mobile-controls-1/Sprites/Style B/Default/dpad_element_east.png
  artifactKey: Guid(a55eedee0954a94449032bf68d42eb9f) Importer(815301076,1909f56bfc062723c751e8b465ee728b)
Start importing Assets/Imports/mobile-controls-1/Sprites/Style B/Default/dpad_element_east.png using Guid(a55eedee0954a94449032bf68d42eb9f) Importer(815301076,1909f56bfc062723c751e8b465ee728b) (PreviewImporter) -> (artifact id: 'c06021010793fafcadcfa2c59914ceab') in 0.0191747 seconds
Number of updated asset objects reloaded before import = 0Number of asset objects unloaded after import = 3

========================================================================
Received Import Request.
  Time since last request: 0.000040 seconds.
  path: Assets/Imports/kenney_ui-pack/PNG/Yellow/Double/star.png
  artifactKey: Guid(c2e262be9053679479cec3e9adf8f991) Importer(815301076,1909f56bfc062723c751e8b465ee728b)
Start importing Assets/Imports/kenney_ui-pack/PNG/Yellow/Double/star.png using Guid(c2e262be9053679479cec3e9adf8f991) Importer(815301076,1909f56bfc062723c751e8b465ee728b) (PreviewImporter) -> (artifact id: 'd0aac26fe5f7a357f6e5c5235859d3e2') in 0.0207709 seconds
Number of updated asset objects reloaded before import = 0Number of asset objects unloaded after import = 3

========================================================================
Received Import Request.
  Time since last request: 0.000025 seconds.
  path: Assets/Imports/kenney_game-icons-expansion/Game icons (base)/PNG/White/2x/star.png
  artifactKey: Guid(9d72fef35aaf533408d08bd27d29ce44) Importer(815301076,1909f56bfc062723c751e8b465ee728b)
Start importing Assets/Imports/kenney_game-icons-expansion/Game icons (base)/PNG/White/2x/star.png using Guid(9d72fef35aaf533408d08bd27d29ce44) Importer(815301076,1909f56bfc062723c751e8b465ee728b) (PreviewImporter) -> (artifact id: 'd1ae62a3da169286929040872f2bcfd5') in 0.0200679 seconds
Number of updated asset objects reloaded before import = 0Number of asset objects unloaded after import = 3

========================================================================
Received Import Request.
  Time since last request: 0.000030 seconds.
  path: Assets/Imports/mobile-controls-1/Sprites/Style B/Large (2×)/dpad_element_east.png
  artifactKey: Guid(72218e4feb43d724ca6c815d4f7e851e) Importer(815301076,1909f56bfc062723c751e8b465ee728b)
Start importing Assets/Imports/mobile-controls-1/Sprites/Style B/Large (2×)/dpad_element_east.png using Guid(72218e4feb43d724ca6c815d4f7e851e) Importer(815301076,1909f56bfc062723c751e8b465ee728b) (PreviewImporter) -> (artifact id: 'c6d846294c2c2490286fff5e48029e6f') in 0.017665 seconds
Number of updated asset objects reloaded before import = 0Number of asset objects unloaded after import = 3

========================================================================
Received Import Request.
  Time since last request: 0.000049 seconds.
  path: Assets/Imports/mobile-controls-1/Sprites/Highlights A/Large (2×)/dpad_element_east_highlight.png
  artifactKey: Guid(3e33f3ec0a6115b4e87cad345e7564b3) Importer(815301076,1909f56bfc062723c751e8b465ee728b)
Start importing Assets/Imports/mobile-controls-1/Sprites/Highlights A/Large (2×)/dpad_element_east_highlight.png using Guid(3e33f3ec0a6115b4e87cad345e7564b3) Importer(815301076,1909f56bfc062723c751e8b465ee728b) (PreviewImporter) -> (artifact id: '6724f2ed98c007644228e830dda58afe') in 0.0309625 seconds
Number of updated asset objects reloaded before import = 0Number of asset objects unloaded after import = 3

========================================================================
Received Import Request.
  Time since last request: 0.000029 seconds.
  path: Assets/Imports/mobile-controls-1/Sprites/Style C/Default/dpad_element_west.png
  artifactKey: Guid(785b299974a1c044c90a2ea1bfd53824) Importer(815301076,1909f56bfc062723c751e8b465ee728b)
Start importing Assets/Imports/mobile-controls-1/Sprites/Style C/Default/dpad_element_west.png using Guid(785b299974a1c044c90a2ea1bfd53824) Importer(815301076,1909f56bfc062723c751e8b465ee728b) (PreviewImporter) -> (artifact id: 'deaf42a506292740c983b93cab3be1d7') in 0.0166037 seconds
Number of updated asset objects reloaded before import = 0Number of asset objects unloaded after import = 3

========================================================================
Received Import Request.
  Time since last request: 0.000031 seconds.
  path: Assets/Imports/mobile-controls-1/Sprites/Style F/Large (2×)/dpad_element_east.png
  artifactKey: Guid(a98bdc78e3c5a9146ad41b66602a2822) Importer(815301076,1909f56bfc062723c751e8b465ee728b)
Start importing Assets/Imports/mobile-controls-1/Sprites/Style F/Large (2×)/dpad_element_east.png using Guid(a98bdc78e3c5a9146ad41b66602a2822) Importer(815301076,1909f56bfc062723c751e8b465ee728b) (PreviewImporter) -> (artifact id: '24bbc0ad9f9678c5298b84438c48cdb0') in 0.0180105 seconds
Number of updated asset objects reloaded before import = 0Number of asset objects unloaded after import = 3

========================================================================
Received Import Request.
  Time since last request: 0.000034 seconds.
  path: Assets/Imports/mobile-controls-1/Sprites/Style G/Default/dpad_element_east.png
  artifactKey: Guid(bd7e933dad5343c4986f3c101169ec02) Importer(815301076,1909f56bfc062723c751e8b465ee728b)
Start importing Assets/Imports/mobile-controls-1/Sprites/Style G/Default/dpad_element_east.png using Guid(bd7e933dad5343c4986f3c101169ec02) Importer(815301076,1909f56bfc062723c751e8b465ee728b) (PreviewImporter) -> (artifact id: '66b44d6f25dc9179003fdf8c5edc2bea') in 0.0180528 seconds
Number of updated asset objects reloaded before import = 0Number of asset objects unloaded after import = 3

========================================================================
Received Import Request.
  Time since last request: 0.000028 seconds.
  path: Assets/Imports/kenney_space-shooter-redux/PNG/Power-ups/powerupRed_star.png
  artifactKey: Guid(b9f73fa1bede3e54a90135b1ac492de0) Importer(815301076,1909f56bfc062723c751e8b465ee728b)
Start importing Assets/Imports/kenney_space-shooter-redux/PNG/Power-ups/powerupRed_star.png using Guid(b9f73fa1bede3e54a90135b1ac492de0) Importer(815301076,1909f56bfc062723c751e8b465ee728b) (PreviewImporter) -> (artifact id: '581d310ee0c56ee3d3a31a5f8e10ceca') in 0.0241335 seconds
Number of updated asset objects reloaded before import = 0Number of asset objects unloaded after import = 3

========================================================================
Received Import Request.
  Time since last request: 0.000035 seconds.
  path: Assets/Imports/mobile-controls-1/Sprites/Style A/Default/dpad_element_east.png
  artifactKey: Guid(770ea84c60ea35c429ff1bee00979485) Importer(815301076,1909f56bfc062723c751e8b465ee728b)
Start importing Assets/Imports/mobile-controls-1/Sprites/Style A/Default/dpad_element_east.png using Guid(770ea84c60ea35c429ff1bee00979485) Importer(815301076,1909f56bfc062723c751e8b465ee728b) (PreviewImporter) -> (artifact id: '8e5a882020aad3ab56e8fe0f70eaa03e') in 0.0206579 seconds
Number of updated asset objects reloaded before import = 0Number of asset objects unloaded after import = 3

========================================================================
Received Import Request.
  Time since last request: 0.000034 seconds.
  path: Assets/Imports/mobile-controls-1/Sprites/Style F/Default/dpad_element_east.png
  artifactKey: Guid(d4f0e56ccbe62c34b843dc4abb8ca370) Importer(815301076,1909f56bfc062723c751e8b465ee728b)
Start importing Assets/Imports/mobile-controls-1/Sprites/Style F/Default/dpad_element_east.png using Guid(d4f0e56ccbe62c34b843dc4abb8ca370) Importer(815301076,1909f56bfc062723c751e8b465ee728b) (PreviewImporter) -> (artifact id: '157506df0af0fdcf09f94db77ee1c22f') in 0.0172123 seconds
Number of updated asset objects reloaded before import = 0Number of asset objects unloaded after import = 3

========================================================================
Received Import Request.
  Time since last request: 0.000027 seconds.
  path: Assets/Imports/mobile-controls-1/Sprites/Style A/Large (2×)/dpad_element_east.png
  artifactKey: Guid(7ee808899f03b724fa8f4c6305589c7b) Importer(815301076,1909f56bfc062723c751e8b465ee728b)
Start importing Assets/Imports/mobile-controls-1/Sprites/Style A/Large (2×)/dpad_element_east.png using Guid(7ee808899f03b724fa8f4c6305589c7b) Importer(815301076,1909f56bfc062723c751e8b465ee728b) (PreviewImporter) -> (artifact id: '2cde50615a2096f6764067338ce51378') in 0.0187602 seconds
Number of updated asset objects reloaded before import = 0Number of asset objects unloaded after import = 3

========================================================================
Received Import Request.
  Time since last request: 0.000026 seconds.
  path: Assets/Imports/mobile-controls-1/Sprites/Icons/Large (2×)/icon_star.png
  artifactKey: Guid(6207f165d8ad01b42b22c9e767d227f3) Importer(815301076,1909f56bfc062723c751e8b465ee728b)
Start importing Assets/Imports/mobile-controls-1/Sprites/Icons/Large (2×)/icon_star.png using Guid(6207f165d8ad01b42b22c9e767d227f3) Importer(815301076,1909f56bfc062723c751e8b465ee728b) (PreviewImporter) -> (artifact id: 'be279910a1363cc5186f37d17af2164e') in 0.0206509 seconds
Number of updated asset objects reloaded before import = 0Number of asset objects unloaded after import = 3

========================================================================
Received Import Request.
  Time since last request: 0.000058 seconds.
  path: Assets/Imports/kenney_ui-pack/PNG/Red/Double/star.png
  artifactKey: Guid(12fa6ba83c725e64e95f0b620e30af0b) Importer(815301076,1909f56bfc062723c751e8b465ee728b)
Start importing Assets/Imports/kenney_ui-pack/PNG/Red/Double/star.png using Guid(12fa6ba83c725e64e95f0b620e30af0b) Importer(815301076,1909f56bfc062723c751e8b465ee728b) (PreviewImporter) -> (artifact id: 'e73bbc3d75d541a874c5c5e0e33838e3') in 0.0212746 seconds
Number of updated asset objects reloaded before import = 0Number of asset objects unloaded after import = 3

========================================================================
Received Import Request.
  Time since last request: 0.000042 seconds.
  path: Assets/Imports/ByMe/DestabilizerCard.png
  artifactKey: Guid(60c5b115033a6b74babc1d9ea2f6110d) Importer(815301076,1909f56bfc062723c751e8b465ee728b)
Start importing Assets/Imports/ByMe/DestabilizerCard.png using Guid(60c5b115033a6b74babc1d9ea2f6110d) Importer(815301076,1909f56bfc062723c751e8b465ee728b) (PreviewImporter) -> (artifact id: '49387229c0a2daa64333ead7294ed2c0') in 0.0865075 seconds
Number of updated asset objects reloaded before import = 0Number of asset objects unloaded after import = 3

========================================================================
Received Import Request.
  Time since last request: 0.000042 seconds.
  path: Assets/Imports/mobile-controls-1/Sprites/Style D/Large (2×)/dpad_element_east.png
  artifactKey: Guid(de197b7181e99b4428347fa8f5b99805) Importer(815301076,1909f56bfc062723c751e8b465ee728b)
Start importing Assets/Imports/mobile-controls-1/Sprites/Style D/Large (2×)/dpad_element_east.png using Guid(de197b7181e99b4428347fa8f5b99805) Importer(815301076,1909f56bfc062723c751e8b465ee728b) (PreviewImporter) -> (artifact id: '199f50aa3a6e502ec45495da652e38eb') in 0.0254124 seconds
Number of updated asset objects reloaded before import = 0Number of asset objects unloaded after import = 3

========================================================================
Received Import Request.
  Time since last request: 845.744002 seconds.
  path: Assets/Imports/kenney_space-shooter-redux/PNG/Parts/wingRed_6.png
  artifactKey: Guid(85fbb64397d6f7a48b10940b4f4fa1ef) Importer(815301076,1909f56bfc062723c751e8b465ee728b)
Start importing Assets/Imports/kenney_space-shooter-redux/PNG/Parts/wingRed_6.png using Guid(85fbb64397d6f7a48b10940b4f4fa1ef) Importer(815301076,1909f56bfc062723c751e8b465ee728b) (PreviewImporter) -> (artifact id: '3b68ceb0da86cdd130b12d924a8c36e6') in 0.0300787 seconds
Number of updated asset objects reloaded before import = 0Number of asset objects unloaded after import = 3

========================================================================
Received Import Request.
  Time since last request: 0.000041 seconds.
  path: Assets/Imports/kenney_space-shooter-redux/PNG/Parts/wingYellow_0.png
  artifactKey: Guid(097c0a6eb38b9194a856e7b59f7fe3d6) Importer(815301076,1909f56bfc062723c751e8b465ee728b)
Start importing Assets/Imports/kenney_space-shooter-redux/PNG/Parts/wingYellow_0.png using Guid(097c0a6eb38b9194a856e7b59f7fe3d6) Importer(815301076,1909f56bfc062723c751e8b465ee728b) (PreviewImporter) -> (artifact id: 'fc7170ec79cc7d92ba24d9e1afe46722') in 0.0304956 seconds
Number of updated asset objects reloaded before import = 0Number of asset objects unloaded after import = 3

========================================================================
Received Import Request.
  Time since last request: 0.000068 seconds.
  path: Assets/Imports/kenney_ui-pack-space-expansion 1/PNG/Extra/Default/panel_glass_notch_tr.png
  artifactKey: Guid(c16069b91ee8c6e4eb82dbc22bbfa3e4) Importer(815301076,1909f56bfc062723c751e8b465ee728b)
Start importing Assets/Imports/kenney_ui-pack-space-expansion 1/PNG/Extra/Default/panel_glass_notch_tr.png using Guid(c16069b91ee8c6e4eb82dbc22bbfa3e4) Importer(815301076,1909f56bfc062723c751e8b465ee728b) (PreviewImporter) -> (artifact id: 'd2f26fcc70c56b5f02db642a471f3dab') in 0.0258619 seconds
Number of updated asset objects reloaded before import = 0Number of asset objects unloaded after import = 3

========================================================================
Received Import Request.
  Time since last request: 0.000030 seconds.
  path: Assets/Imports/kenney_ui-pack-space-expansion 1/PNG/Extra/Default/panel_glass_notches.png
  artifactKey: Guid(f26433dc265b30c4cad5ede72a3fe6ed) Importer(815301076,1909f56bfc062723c751e8b465ee728b)
Start importing Assets/Imports/kenney_ui-pack-space-expansion 1/PNG/Extra/Default/panel_glass_notches.png using Guid(f26433dc265b30c4cad5ede72a3fe6ed) Importer(815301076,1909f56bfc062723c751e8b465ee728b) (PreviewImporter) -> (artifact id: '95887b5a585722d38385b65b33b0c985') in 0.0248729 seconds
Number of updated asset objects reloaded before import = 0Number of asset objects unloaded after import = 3

========================================================================
Received Import Request.
  Time since last request: 0.000040 seconds.
  path: Assets/Imports/kenney_ui-pack-space-expansion 1/PNG/Extra/Double/panel_glass_notches.png
  artifactKey: Guid(736e9a2a037a48742ae04e5864aa5b61) Importer(815301076,1909f56bfc062723c751e8b465ee728b)
Start importing Assets/Imports/kenney_ui-pack-space-expansion 1/PNG/Extra/Double/panel_glass_notches.png using Guid(736e9a2a037a48742ae04e5864aa5b61) Importer(815301076,1909f56bfc062723c751e8b465ee728b) (PreviewImporter) -> (artifact id: '92c11c3984381f284c715ea5b6b5933a') in 0.0353956 seconds
Number of updated asset objects reloaded before import = 0Number of asset objects unloaded after import = 3

========================================================================
Received Import Request.
  Time since last request: 0.000076 seconds.
  path: Assets/Imports/kenney_ui-pack-space-expansion/PNG/Extra/Default/panel_glass_notch_tr.png
  artifactKey: Guid(2fdebb655b2ebd64e8a27b3f58dd2894) Importer(815301076,1909f56bfc062723c751e8b465ee728b)
Start importing Assets/Imports/kenney_ui-pack-space-expansion/PNG/Extra/Default/panel_glass_notch_tr.png using Guid(2fdebb655b2ebd64e8a27b3f58dd2894) Importer(815301076,1909f56bfc062723c751e8b465ee728b) (PreviewImporter) -> (artifact id: 'b70b2a2ede604f080579d1fe19aa1f84') in 0.0254453 seconds
Number of updated asset objects reloaded before import = 0Number of asset objects unloaded after import = 3

========================================================================
Received Import Request.
  Time since last request: 0.000058 seconds.
  path: Assets/Imports/kenney_ui-pack-space-expansion 1/PNG/Extra/Default/panel_glass_notch_tl.png
  artifactKey: Guid(ce53a96701f6b7147ba6b66cc99256a9) Importer(815301076,1909f56bfc062723c751e8b465ee728b)
Start importing Assets/Imports/kenney_ui-pack-space-expansion 1/PNG/Extra/Default/panel_glass_notch_tl.png using Guid(ce53a96701f6b7147ba6b66cc99256a9) Importer(815301076,1909f56bfc062723c751e8b465ee728b) (PreviewImporter) -> (artifact id: '09455a9e16a48d028a6eb04e27bcdc7d') in 0.0227687 seconds
Number of updated asset objects reloaded before import = 0Number of asset objects unloaded after import = 3

========================================================================
Received Import Request.
  Time since last request: 0.000066 seconds.
  path: Assets/Imports/kenney_ui-pack-space-expansion/PNG/Extra/Double/panel_glass_notch_tr.png
  artifactKey: Guid(ecd2c506b73bb3b4d9ba50144ed28d73) Importer(815301076,1909f56bfc062723c751e8b465ee728b)
Start importing Assets/Imports/kenney_ui-pack-space-expansion/PNG/Extra/Double/panel_glass_notch_tr.png using Guid(ecd2c506b73bb3b4d9ba50144ed28d73) Importer(815301076,1909f56bfc062723c751e8b465ee728b) (PreviewImporter) -> (artifact id: '7ccf663e0fd7ec4315a2cefb66969f5f') in 0.0396835 seconds
Number of updated asset objects reloaded before import = 0Number of asset objects unloaded after import = 3

========================================================================
Received Import Request.
  Time since last request: 0.000054 seconds.
  path: Assets/Imports/kenney_ui-pack-space-expansion 1/PNG/Extra/Double/panel_glass_notches_top.png
  artifactKey: Guid(32d7eb99bf893d14eab8d5b3f95df17e) Importer(815301076,1909f56bfc062723c751e8b465ee728b)
Start importing Assets/Imports/kenney_ui-pack-space-expansion 1/PNG/Extra/Double/panel_glass_notches_top.png using Guid(32d7eb99bf893d14eab8d5b3f95df17e) Importer(815301076,1909f56bfc062723c751e8b465ee728b) (PreviewImporter) -> (artifact id: 'e8542a9245294e51478c8d1c874fa47c') in 0.0281069 seconds
Number of updated asset objects reloaded before import = 0Number of asset objects unloaded after import = 3

========================================================================
Received Import Request.
  Time since last request: 0.000056 seconds.
  path: Assets/Imports/kenney_ui-pack-space-expansion/PNG/Extra/Default/panel_glass_notches.png
  artifactKey: Guid(147b5f686468bee44bbf410ef367884d) Importer(815301076,1909f56bfc062723c751e8b465ee728b)
Start importing Assets/Imports/kenney_ui-pack-space-expansion/PNG/Extra/Default/panel_glass_notches.png using Guid(147b5f686468bee44bbf410ef367884d) Importer(815301076,1909f56bfc062723c751e8b465ee728b) (PreviewImporter) -> (artifact id: '269776b5b6ace56e97fedaf64658131a') in 0.0339404 seconds
Number of updated asset objects reloaded before import = 0Number of asset objects unloaded after import = 3

========================================================================
Received Prepare
[Licensing::Client] Successfully resolved entitlement details
Assembly reference Packages/com.unity.cinemachine/Editor/Samples/ExposeHDRPInternals/HDRP-Editor-ref.asmref has no target assembly definition
Assembly reference Packages/com.unity.cinemachine/Editor/Samples/ExposeHDRPInternals/HDRP-Editor-ref.asmref has no target assembly definition
Begin MonoManager ReloadAssembly
[Licensing::Client] Successfully resolved entitlement details
Symbol file LoadedFromMemory is not a mono symbol file
- Loaded All Assemblies, in  6.216 seconds
Assembly reference Packages/com.unity.cinemachine/Editor/Samples/ExposeHDRPInternals/HDRP-Editor-ref.asmref has no target assembly definition
'Packages/com.unity.cinemachine/Editor/Obsolete/CinemachineVirtualCameraBaseEditor.cs' contains partial class of Unity.Object, exactly 1 of the partial classes needs to be in a file with the same filename. This is to know the one that can be referenced from ie. GameObjects
'Packages/com.unity.cinemachine/Editor/Editors/CinemachineVirtualCameraBaseEditor.cs' contains partial class of Unity.Object, exactly 1 of the partial classes needs to be in a file with the same filename. This is to know the one that can be referenced from ie. GameObjects
Refreshing native plugins compatible for Editor in 63.50 ms, found 8 plugins.
Native extension for iOS target not found
Native extension for Android target not found
Native extension for WindowsStandalone target not found
Assembly reference Packages/com.unity.cinemachine/Editor/Samples/ExposeHDRPInternals/HDRP-Editor-ref.asmref has no target assembly definition
[Package Manager] Failed to launch server process. Reason: Unity was launched with the -noUpm command-line argument
[Package Manager] Unable to send message (not connected to server process).
[Package Manager] Cannot connect to Unity Package Manager local server
[Package Manager] Failed to launch server process. Reason: Unity was launched with the -noUpm command-line argument
[Package Manager] Unable to send message (not connected to server process).
[Package Manager] Cannot connect to Unity Package Manager local server
Mono: successfully reloaded assembly
- Finished resetting the current domain, in  3.249 seconds
Domain Reload Profiling: 9452ms
	BeginReloadAssembly (1906ms)
		ExecutionOrderSort (1ms)
		DisableScriptedObjects (421ms)
		BackupInstance (0ms)
		ReleaseScriptingObjects (4ms)
		CreateAndSetChildDomain (615ms)
	RebuildCommonClasses (87ms)
	RebuildNativeTypeToScriptingClass (30ms)
	initialDomainReloadingComplete (119ms)
	LoadAllAssembliesAndSetupDomain (4059ms)
		LoadAssemblies (3104ms)
		RebuildTransferFunctionScriptingTraits (0ms)
		AnalyzeDomain (1262ms)
			TypeCache.Refresh (88ms)
				TypeCache.ScanAssembly (0ms)
			BuildScriptInfoCaches (1106ms)
			ResolveRequiredComponents (41ms)
	FinalizeReload (3251ms)
		ReleaseScriptCaches (0ms)
		RebuildScriptCaches (0ms)
		SetupLoadedEditorAssemblies (2710ms)
			LogAssemblyErrors (0ms)
			InitializePlatformSupportModulesInManaged (102ms)
			SetLoadedEditorAssemblies (13ms)
			BeforeProcessingInitializeOnLoad (654ms)
			ProcessInitializeOnLoadAttributes (1688ms)
			ProcessInitializeOnLoadMethodAttributes (205ms)
			AfterProcessingInitializeOnLoad (45ms)
			EditorAssembliesLoaded (4ms)
		ExecutionOrderSort2 (0ms)
		AwakeInstancesAfterBackupRestoration (50ms)
Refreshing native plugins compatible for Editor in 59.24 ms, found 8 plugins.
Preloading 0 native plugins for Editor in 0.00 ms.
Unloading 15 Unused Serialized files (Serialized files now loaded: 0)
Unloading 8482 unused Assets / (4.8 MB). Loaded Objects now: 9240.
Memory consumption went from 161.0 MB to 156.2 MB.
Total: 29.927000 ms (FindLiveObjects: 1.401700 ms CreateObjectMapping: 2.361800 ms MarkObjects: 16.666600 ms  DeleteObjects: 9.495000 ms)

Prepare: number of updated asset objects reloaded= 0
========================================================================
Received Prepare
[Licensing::Client] Successfully resolved entitlement details
Assembly reference Packages/com.unity.cinemachine/Editor/Samples/ExposeHDRPInternals/HDRP-Editor-ref.asmref has no target assembly definition
Assembly reference Packages/com.unity.cinemachine/Editor/Samples/ExposeHDRPInternals/HDRP-Editor-ref.asmref has no target assembly definition
Begin MonoManager ReloadAssembly
[Licensing::Client] Successfully resolved entitlement details
Symbol file LoadedFromMemory is not a mono symbol file
- Loaded All Assemblies, in  6.538 seconds
Assembly reference Packages/com.unity.cinemachine/Editor/Samples/ExposeHDRPInternals/HDRP-Editor-ref.asmref has no target assembly definition
'Packages/com.unity.cinemachine/Editor/Obsolete/CinemachineVirtualCameraBaseEditor.cs' contains partial class of Unity.Object, exactly 1 of the partial classes needs to be in a file with the same filename. This is to know the one that can be referenced from ie. GameObjects
'Packages/com.unity.cinemachine/Editor/Editors/CinemachineVirtualCameraBaseEditor.cs' contains partial class of Unity.Object, exactly 1 of the partial classes needs to be in a file with the same filename. This is to know the one that can be referenced from ie. GameObjects
Refreshing native plugins compatible for Editor in 51.57 ms, found 8 plugins.
Native extension for iOS target not found
Native extension for Android target not found
Native extension for WindowsStandalone target not found
Assembly reference Packages/com.unity.cinemachine/Editor/Samples/ExposeHDRPInternals/HDRP-Editor-ref.asmref has no target assembly definition
[Package Manager] Failed to launch server process. Reason: Unity was launched with the -noUpm command-line argument
[Package Manager] Unable to send message (not connected to server process).
[Package Manager] Cannot connect to Unity Package Manager local server
[Package Manager] Failed to launch server process. Reason: Unity was launched with the -noUpm command-line argument
[Package Manager] Unable to send message (not connected to server process).
[Package Manager] Cannot connect to Unity Package Manager local server
Mono: successfully reloaded assembly
- Finished resetting the current domain, in  3.322 seconds
Domain Reload Profiling: 9788ms
	BeginReloadAssembly (886ms)
		ExecutionOrderSort (0ms)
		DisableScriptedObjects (49ms)
		BackupInstance (0ms)
		ReleaseScriptingObjects (1ms)
		CreateAndSetChildDomain (185ms)
	RebuildCommonClasses (173ms)
	RebuildNativeTypeToScriptingClass (39ms)
	initialDomainReloadingComplete (169ms)
	LoadAllAssembliesAndSetupDomain (5199ms)
		LoadAssemblies (3074ms)
		RebuildTransferFunctionScriptingTraits (0ms)
		AnalyzeDomain (2546ms)
			TypeCache.Refresh (70ms)
				TypeCache.ScanAssembly (6ms)
			BuildScriptInfoCaches (2363ms)
			ResolveRequiredComponents (88ms)
	FinalizeReload (3323ms)
		ReleaseScriptCaches (0ms)
		RebuildScriptCaches (0ms)
		SetupLoadedEditorAssemblies (2793ms)
			LogAssemblyErrors (0ms)
			InitializePlatformSupportModulesInManaged (69ms)
			SetLoadedEditorAssemblies (12ms)
			BeforeProcessingInitializeOnLoad (875ms)
			ProcessInitializeOnLoadAttributes (1539ms)
			ProcessInitializeOnLoadMethodAttributes (206ms)
			AfterProcessingInitializeOnLoad (91ms)
			EditorAssembliesLoaded (2ms)
		ExecutionOrderSort2 (0ms)
		AwakeInstancesAfterBackupRestoration (55ms)
Refreshing native plugins compatible for Editor in 56.21 ms, found 8 plugins.
Preloading 0 native plugins for Editor in 0.00 ms.
Unloading 15 Unused Serialized files (Serialized files now loaded: 0)
Unloading 8482 unused Assets / (4.7 MB). Loaded Objects now: 9243.
Memory consumption went from 161.0 MB to 156.3 MB.
Total: 28.750700 ms (FindLiveObjects: 2.148600 ms CreateObjectMapping: 2.075100 ms MarkObjects: 15.818000 ms  DeleteObjects: 8.706700 ms)

Prepare: number of updated asset objects reloaded= 0
========================================================================
Received Prepare
[Licensing::Client] Successfully resolved entitlement details
Assembly reference Packages/com.unity.cinemachine/Editor/Samples/ExposeHDRPInternals/HDRP-Editor-ref.asmref has no target assembly definition
Assembly reference Packages/com.unity.cinemachine/Editor/Samples/ExposeHDRPInternals/HDRP-Editor-ref.asmref has no target assembly definition
Begin MonoManager ReloadAssembly
[Licensing::Client] Successfully resolved entitlement details
Symbol file LoadedFromMemory is not a mono symbol file
- Loaded All Assemblies, in  3.499 seconds
Assembly reference Packages/com.unity.cinemachine/Editor/Samples/ExposeHDRPInternals/HDRP-Editor-ref.asmref has no target assembly definition
'Packages/com.unity.cinemachine/Editor/Obsolete/CinemachineVirtualCameraBaseEditor.cs' contains partial class of Unity.Object, exactly 1 of the partial classes needs to be in a file with the same filename. This is to know the one that can be referenced from ie. GameObjects
'Packages/com.unity.cinemachine/Editor/Editors/CinemachineVirtualCameraBaseEditor.cs' contains partial class of Unity.Object, exactly 1 of the partial classes needs to be in a file with the same filename. This is to know the one that can be referenced from ie. GameObjects
Refreshing native plugins compatible for Editor in 50.35 ms, found 8 plugins.
Native extension for iOS target not found
Native extension for Android target not found
Native extension for WindowsStandalone target not found
Assembly reference Packages/com.unity.cinemachine/Editor/Samples/ExposeHDRPInternals/HDRP-Editor-ref.asmref has no target assembly definition
[Package Manager] Failed to launch server process. Reason: Unity was launched with the -noUpm command-line argument
[Package Manager] Unable to send message (not connected to server process).
[Package Manager] Cannot connect to Unity Package Manager local server
[Package Manager] Failed to launch server process. Reason: Unity was launched with the -noUpm command-line argument
[Package Manager] Unable to send message (not connected to server process).
[Package Manager] Cannot connect to Unity Package Manager local server
Mono: successfully reloaded assembly
- Finished resetting the current domain, in  3.488 seconds
Domain Reload Profiling: 6941ms
	BeginReloadAssembly (919ms)
		ExecutionOrderSort (0ms)
		DisableScriptedObjects (39ms)
		BackupInstance (0ms)
		ReleaseScriptingObjects (0ms)
		CreateAndSetChildDomain (161ms)
	RebuildCommonClasses (114ms)
	RebuildNativeTypeToScriptingClass (40ms)
	initialDomainReloadingComplete (117ms)
	LoadAllAssembliesAndSetupDomain (2261ms)
		LoadAssemblies (2081ms)
		RebuildTransferFunctionScriptingTraits (0ms)
		AnalyzeDomain (708ms)
			TypeCache.Refresh (19ms)
				TypeCache.ScanAssembly (0ms)
			BuildScriptInfoCaches (640ms)
			ResolveRequiredComponents (37ms)
	FinalizeReload (3489ms)
		ReleaseScriptCaches (0ms)
		RebuildScriptCaches (0ms)
		SetupLoadedEditorAssemblies (2773ms)
			LogAssemblyErrors (0ms)
			InitializePlatformSupportModulesInManaged (111ms)
			SetLoadedEditorAssemblies (13ms)
			BeforeProcessingInitializeOnLoad (1055ms)
			ProcessInitializeOnLoadAttributes (1324ms)
			ProcessInitializeOnLoadMethodAttributes (219ms)
			AfterProcessingInitializeOnLoad (50ms)
			EditorAssembliesLoaded (2ms)
		ExecutionOrderSort2 (0ms)
		AwakeInstancesAfterBackupRestoration (59ms)
Refreshing native plugins compatible for Editor in 45.66 ms, found 8 plugins.
Preloading 0 native plugins for Editor in 0.00 ms.
Unloading 15 Unused Serialized files (Serialized files now loaded: 0)
Unloading 8482 unused Assets / (4.9 MB). Loaded Objects now: 9246.
Memory consumption went from 161.0 MB to 156.2 MB.
Total: 20.662400 ms (FindLiveObjects: 1.603500 ms CreateObjectMapping: 1.727500 ms MarkObjects: 11.539000 ms  DeleteObjects: 5.790000 ms)

Prepare: number of updated asset objects reloaded= 0
========================================================================
Received Prepare
[Licensing::Client] Successfully resolved entitlement details
Assembly reference Packages/com.unity.cinemachine/Editor/Samples/ExposeHDRPInternals/HDRP-Editor-ref.asmref has no target assembly definition
Assembly reference Packages/com.unity.cinemachine/Editor/Samples/ExposeHDRPInternals/HDRP-Editor-ref.asmref has no target assembly definition
Begin MonoManager ReloadAssembly
[Licensing::Client] Successfully resolved entitlement details
Symbol file LoadedFromMemory is not a mono symbol file
- Loaded All Assemblies, in  2.796 seconds
Assembly reference Packages/com.unity.cinemachine/Editor/Samples/ExposeHDRPInternals/HDRP-Editor-ref.asmref has no target assembly definition
'Packages/com.unity.cinemachine/Editor/Obsolete/CinemachineVirtualCameraBaseEditor.cs' contains partial class of Unity.Object, exactly 1 of the partial classes needs to be in a file with the same filename. This is to know the one that can be referenced from ie. GameObjects
'Packages/com.unity.cinemachine/Editor/Editors/CinemachineVirtualCameraBaseEditor.cs' contains partial class of Unity.Object, exactly 1 of the partial classes needs to be in a file with the same filename. This is to know the one that can be referenced from ie. GameObjects
Refreshing native plugins compatible for Editor in 62.40 ms, found 8 plugins.
Native extension for iOS target not found
Native extension for Android target not found
Native extension for WindowsStandalone target not found
Assembly reference Packages/com.unity.cinemachine/Editor/Samples/ExposeHDRPInternals/HDRP-Editor-ref.asmref has no target assembly definition
[Package Manager] Failed to launch server process. Reason: Unity was launched with the -noUpm command-line argument
[Package Manager] Unable to send message (not connected to server process).
[Package Manager] Cannot connect to Unity Package Manager local server
[Package Manager] Failed to launch server process. Reason: Unity was launched with the -noUpm command-line argument
[Package Manager] Unable to send message (not connected to server process).
[Package Manager] Cannot connect to Unity Package Manager local server
Mono: successfully reloaded assembly
- Finished resetting the current domain, in  2.396 seconds
Domain Reload Profiling: 5155ms
	BeginReloadAssembly (638ms)
		ExecutionOrderSort (0ms)
		DisableScriptedObjects (38ms)
		BackupInstance (0ms)
		ReleaseScriptingObjects (0ms)
		CreateAndSetChildDomain (148ms)
	RebuildCommonClasses (93ms)
	RebuildNativeTypeToScriptingClass (40ms)
	initialDomainReloadingComplete (121ms)
	LoadAllAssembliesAndSetupDomain (1864ms)
		LoadAssemblies (1558ms)
		RebuildTransferFunctionScriptingTraits (0ms)
		AnalyzeDomain (587ms)
			TypeCache.Refresh (17ms)
				TypeCache.ScanAssembly (0ms)
			BuildScriptInfoCaches (529ms)
			ResolveRequiredComponents (31ms)
	FinalizeReload (2398ms)
		ReleaseScriptCaches (0ms)
		RebuildScriptCaches (0ms)
		SetupLoadedEditorAssemblies (1909ms)
			LogAssemblyErrors (0ms)
			InitializePlatformSupportModulesInManaged (59ms)
			SetLoadedEditorAssemblies (9ms)
			BeforeProcessingInitializeOnLoad (520ms)
			ProcessInitializeOnLoadAttributes (1133ms)
			ProcessInitializeOnLoadMethodAttributes (158ms)
			AfterProcessingInitializeOnLoad (29ms)
			EditorAssembliesLoaded (1ms)
		ExecutionOrderSort2 (0ms)
		AwakeInstancesAfterBackupRestoration (32ms)
Refreshing native plugins compatible for Editor in 48.60 ms, found 8 plugins.
Preloading 0 native plugins for Editor in 0.00 ms.
Unloading 15 Unused Serialized files (Serialized files now loaded: 0)
Unloading 8482 unused Assets / (4.7 MB). Loaded Objects now: 9249.
Memory consumption went from 161.1 MB to 156.4 MB.
Total: 27.205400 ms (FindLiveObjects: 1.799400 ms CreateObjectMapping: 4.448400 ms MarkObjects: 12.499800 ms  DeleteObjects: 8.455900 ms)

Prepare: number of updated asset objects reloaded= 0
========================================================================
Received Prepare
[Licensing::Client] Successfully resolved entitlement details
Assembly reference Packages/com.unity.cinemachine/Editor/Samples/ExposeHDRPInternals/HDRP-Editor-ref.asmref has no target assembly definition
Assembly reference Packages/com.unity.cinemachine/Editor/Samples/ExposeHDRPInternals/HDRP-Editor-ref.asmref has no target assembly definition
Begin MonoManager ReloadAssembly
[Licensing::Client] Successfully resolved entitlement details
Symbol file LoadedFromMemory is not a mono symbol file
- Loaded All Assemblies, in  6.951 seconds
Assembly reference Packages/com.unity.cinemachine/Editor/Samples/ExposeHDRPInternals/HDRP-Editor-ref.asmref has no target assembly definition
'Packages/com.unity.cinemachine/Editor/Obsolete/CinemachineVirtualCameraBaseEditor.cs' contains partial class of Unity.Object, exactly 1 of the partial classes needs to be in a file with the same filename. This is to know the one that can be referenced from ie. GameObjects
'Packages/com.unity.cinemachine/Editor/Editors/CinemachineVirtualCameraBaseEditor.cs' contains partial class of Unity.Object, exactly 1 of the partial classes needs to be in a file with the same filename. This is to know the one that can be referenced from ie. GameObjects
Refreshing native plugins compatible for Editor in 85.30 ms, found 8 plugins.
Native extension for iOS target not found
Native extension for Android target not found
Native extension for WindowsStandalone target not found
Assembly reference Packages/com.unity.cinemachine/Editor/Samples/ExposeHDRPInternals/HDRP-Editor-ref.asmref has no target assembly definition
[Package Manager] Failed to launch server process. Reason: Unity was launched with the -noUpm command-line argument
[Package Manager] Unable to send message (not connected to server process).
[Package Manager] Cannot connect to Unity Package Manager local server
[Package Manager] Failed to launch server process. Reason: Unity was launched with the -noUpm command-line argument
[Package Manager] Unable to send message (not connected to server process).
[Package Manager] Cannot connect to Unity Package Manager local server
Mono: successfully reloaded assembly
- Finished resetting the current domain, in  3.537 seconds
Domain Reload Profiling: 10434ms
	BeginReloadAssembly (1410ms)
		ExecutionOrderSort (0ms)
		DisableScriptedObjects (97ms)
		BackupInstance (0ms)
		ReleaseScriptingObjects (1ms)
		CreateAndSetChildDomain (433ms)
	RebuildCommonClasses (120ms)
	RebuildNativeTypeToScriptingClass (41ms)
	initialDomainReloadingComplete (161ms)
	LoadAllAssembliesAndSetupDomain (5164ms)
		LoadAssemblies (4602ms)
		RebuildTransferFunctionScriptingTraits (0ms)
		AnalyzeDomain (1112ms)
			TypeCache.Refresh (30ms)
				TypeCache.ScanAssembly (0ms)
			BuildScriptInfoCaches (1017ms)
			ResolveRequiredComponents (50ms)
	FinalizeReload (3538ms)
		ReleaseScriptCaches (0ms)
		RebuildScriptCaches (0ms)
		SetupLoadedEditorAssemblies (2935ms)
			LogAssemblyErrors (0ms)
			InitializePlatformSupportModulesInManaged (89ms)
			SetLoadedEditorAssemblies (19ms)
			BeforeProcessingInitializeOnLoad (915ms)
			ProcessInitializeOnLoadAttributes (1624ms)
			ProcessInitializeOnLoadMethodAttributes (244ms)
			AfterProcessingInitializeOnLoad (42ms)
			EditorAssembliesLoaded (2ms)
		ExecutionOrderSort2 (0ms)
		AwakeInstancesAfterBackupRestoration (49ms)
Refreshing native plugins compatible for Editor in 57.14 ms, found 8 plugins.
Preloading 0 native plugins for Editor in 0.00 ms.
Unloading 15 Unused Serialized files (Serialized files now loaded: 0)
Unloading 8482 unused Assets / (4.8 MB). Loaded Objects now: 9252.
Memory consumption went from 161.1 MB to 156.3 MB.
Total: 27.502200 ms (FindLiveObjects: 1.990900 ms CreateObjectMapping: 2.605800 ms MarkObjects: 14.810200 ms  DeleteObjects: 8.092700 ms)

Prepare: number of updated asset objects reloaded= 0
========================================================================
Received Prepare
[Licensing::Client] Successfully resolved entitlement details
Assembly reference Packages/com.unity.cinemachine/Editor/Samples/ExposeHDRPInternals/HDRP-Editor-ref.asmref has no target assembly definition
Assembly reference Packages/com.unity.cinemachine/Editor/Samples/ExposeHDRPInternals/HDRP-Editor-ref.asmref has no target assembly definition
Begin MonoManager ReloadAssembly
[Licensing::Client] Successfully resolved entitlement details
Symbol file LoadedFromMemory is not a mono symbol file
- Loaded All Assemblies, in  7.179 seconds
Assembly reference Packages/com.unity.cinemachine/Editor/Samples/ExposeHDRPInternals/HDRP-Editor-ref.asmref has no target assembly definition
'Packages/com.unity.cinemachine/Editor/Obsolete/CinemachineVirtualCameraBaseEditor.cs' contains partial class of Unity.Object, exactly 1 of the partial classes needs to be in a file with the same filename. This is to know the one that can be referenced from ie. GameObjects
'Packages/com.unity.cinemachine/Editor/Editors/CinemachineVirtualCameraBaseEditor.cs' contains partial class of Unity.Object, exactly 1 of the partial classes needs to be in a file with the same filename. This is to know the one that can be referenced from ie. GameObjects
Refreshing native plugins compatible for Editor in 98.69 ms, found 8 plugins.
Native extension for iOS target not found
Native extension for Android target not found
Native extension for WindowsStandalone target not found
Assembly reference Packages/com.unity.cinemachine/Editor/Samples/ExposeHDRPInternals/HDRP-Editor-ref.asmref has no target assembly definition
[Package Manager] Failed to launch server process. Reason: Unity was launched with the -noUpm command-line argument
[Package Manager] Unable to send message (not connected to server process).
[Package Manager] Cannot connect to Unity Package Manager local server
[Package Manager] Failed to launch server process. Reason: Unity was launched with the -noUpm command-line argument
[Package Manager] Unable to send message (not connected to server process).
[Package Manager] Cannot connect to Unity Package Manager local server
Mono: successfully reloaded assembly
- Finished resetting the current domain, in  4.989 seconds
Domain Reload Profiling: 12156ms
	BeginReloadAssembly (803ms)
		ExecutionOrderSort (0ms)
		DisableScriptedObjects (31ms)
		BackupInstance (0ms)
		ReleaseScriptingObjects (1ms)
		CreateAndSetChildDomain (166ms)
	RebuildCommonClasses (112ms)
	RebuildNativeTypeToScriptingClass (31ms)
	initialDomainReloadingComplete (159ms)
	LoadAllAssembliesAndSetupDomain (6061ms)
		LoadAssemblies (4889ms)
		RebuildTransferFunctionScriptingTraits (0ms)
		AnalyzeDomain (1466ms)
			TypeCache.Refresh (52ms)
				TypeCache.ScanAssembly (0ms)
			BuildScriptInfoCaches (1300ms)
			ResolveRequiredComponents (96ms)
	FinalizeReload (4990ms)
		ReleaseScriptCaches (0ms)
		RebuildScriptCaches (0ms)
		SetupLoadedEditorAssemblies (3627ms)
			LogAssemblyErrors (3ms)
			InitializePlatformSupportModulesInManaged (190ms)
			SetLoadedEditorAssemblies (22ms)
			BeforeProcessingInitializeOnLoad (1674ms)
			ProcessInitializeOnLoadAttributes (1511ms)
			ProcessInitializeOnLoadMethodAttributes (186ms)
			AfterProcessingInitializeOnLoad (40ms)
			EditorAssembliesLoaded (1ms)
		ExecutionOrderSort2 (0ms)
		AwakeInstancesAfterBackupRestoration (52ms)
Refreshing native plugins compatible for Editor in 45.23 ms, found 8 plugins.
Preloading 0 native plugins for Editor in 0.00 ms.
Unloading 15 Unused Serialized files (Serialized files now loaded: 0)
Unloading 8482 unused Assets / (5.3 MB). Loaded Objects now: 9255.
Memory consumption went from 161.2 MB to 155.9 MB.
Total: 24.158600 ms (FindLiveObjects: 1.808400 ms CreateObjectMapping: 2.544500 ms MarkObjects: 11.792000 ms  DeleteObjects: 8.011400 ms)

Prepare: number of updated asset objects reloaded= 0
========================================================================
Received Prepare
[Licensing::Client] Successfully resolved entitlement details
Assembly reference Packages/com.unity.cinemachine/Editor/Samples/ExposeHDRPInternals/HDRP-Editor-ref.asmref has no target assembly definition
Assembly reference Packages/com.unity.cinemachine/Editor/Samples/ExposeHDRPInternals/HDRP-Editor-ref.asmref has no target assembly definition
Begin MonoManager ReloadAssembly
[Licensing::Client] Successfully resolved entitlement details
Symbol file LoadedFromMemory is not a mono symbol file
- Loaded All Assemblies, in  4.801 seconds
Assembly reference Packages/com.unity.cinemachine/Editor/Samples/ExposeHDRPInternals/HDRP-Editor-ref.asmref has no target assembly definition
'Packages/com.unity.cinemachine/Editor/Obsolete/CinemachineVirtualCameraBaseEditor.cs' contains partial class of Unity.Object, exactly 1 of the partial classes needs to be in a file with the same filename. This is to know the one that can be referenced from ie. GameObjects
'Packages/com.unity.cinemachine/Editor/Editors/CinemachineVirtualCameraBaseEditor.cs' contains partial class of Unity.Object, exactly 1 of the partial classes needs to be in a file with the same filename. This is to know the one that can be referenced from ie. GameObjects
Refreshing native plugins compatible for Editor in 49.25 ms, found 8 plugins.
Native extension for iOS target not found
Native extension for Android target not found
Native extension for WindowsStandalone target not found
Assembly reference Packages/com.unity.cinemachine/Editor/Samples/ExposeHDRPInternals/HDRP-Editor-ref.asmref has no target assembly definition
[Package Manager] Failed to launch server process. Reason: Unity was launched with the -noUpm command-line argument
[Package Manager] Unable to send message (not connected to server process).
[Package Manager] Cannot connect to Unity Package Manager local server
[Package Manager] Failed to launch server process. Reason: Unity was launched with the -noUpm command-line argument
[Package Manager] Unable to send message (not connected to server process).
[Package Manager] Cannot connect to Unity Package Manager local server
Mono: successfully reloaded assembly
- Finished resetting the current domain, in  2.815 seconds
Domain Reload Profiling: 7562ms
	BeginReloadAssembly (1015ms)
		ExecutionOrderSort (0ms)
		DisableScriptedObjects (46ms)
		BackupInstance (0ms)
		ReleaseScriptingObjects (1ms)
		CreateAndSetChildDomain (339ms)
	RebuildCommonClasses (159ms)
	RebuildNativeTypeToScriptingClass (42ms)
	initialDomainReloadingComplete (153ms)
	LoadAllAssembliesAndSetupDomain (3377ms)
		LoadAssemblies (3012ms)
		RebuildTransferFunctionScriptingTraits (0ms)
		AnalyzeDomain (774ms)
			TypeCache.Refresh (19ms)
				TypeCache.ScanAssembly (0ms)
			BuildScriptInfoCaches (692ms)
			ResolveRequiredComponents (48ms)
	FinalizeReload (2816ms)
		ReleaseScriptCaches (0ms)
		RebuildScriptCaches (0ms)
		SetupLoadedEditorAssemblies (2362ms)
			LogAssemblyErrors (0ms)
			InitializePlatformSupportModulesInManaged (68ms)
			SetLoadedEditorAssemblies (9ms)
			BeforeProcessingInitializeOnLoad (586ms)
			ProcessInitializeOnLoadAttributes (1460ms)
			ProcessInitializeOnLoadMethodAttributes (192ms)
			AfterProcessingInitializeOnLoad (45ms)
			EditorAssembliesLoaded (2ms)
		ExecutionOrderSort2 (0ms)
		AwakeInstancesAfterBackupRestoration (40ms)
Refreshing native plugins compatible for Editor in 52.46 ms, found 8 plugins.
Preloading 0 native plugins for Editor in 0.00 ms.
Unloading 15 Unused Serialized files (Serialized files now loaded: 0)
Unloading 8482 unused Assets / (5.1 MB). Loaded Objects now: 9258.
Memory consumption went from 161.2 MB to 156.1 MB.
Total: 26.438500 ms (FindLiveObjects: 1.958500 ms CreateObjectMapping: 2.076300 ms MarkObjects: 12.659000 ms  DeleteObjects: 9.742200 ms)

Prepare: number of updated asset objects reloaded= 0
========================================================================
Received Prepare
[Licensing::Client] Successfully resolved entitlement details
Assembly reference Packages/com.unity.cinemachine/Editor/Samples/ExposeHDRPInternals/HDRP-Editor-ref.asmref has no target assembly definition
Assembly reference Packages/com.unity.cinemachine/Editor/Samples/ExposeHDRPInternals/HDRP-Editor-ref.asmref has no target assembly definition
Begin MonoManager ReloadAssembly
[Licensing::Client] Successfully resolved entitlement details
Symbol file LoadedFromMemory is not a mono symbol file
- Loaded All Assemblies, in  2.809 seconds
Assembly reference Packages/com.unity.cinemachine/Editor/Samples/ExposeHDRPInternals/HDRP-Editor-ref.asmref has no target assembly definition
'Packages/com.unity.cinemachine/Editor/Obsolete/CinemachineVirtualCameraBaseEditor.cs' contains partial class of Unity.Object, exactly 1 of the partial classes needs to be in a file with the same filename. This is to know the one that can be referenced from ie. GameObjects
'Packages/com.unity.cinemachine/Editor/Editors/CinemachineVirtualCameraBaseEditor.cs' contains partial class of Unity.Object, exactly 1 of the partial classes needs to be in a file with the same filename. This is to know the one that can be referenced from ie. GameObjects
Refreshing native plugins compatible for Editor in 137.94 ms, found 8 plugins.
Native extension for iOS target not found
Native extension for Android target not found
Native extension for WindowsStandalone target not found
Assembly reference Packages/com.unity.cinemachine/Editor/Samples/ExposeHDRPInternals/HDRP-Editor-ref.asmref has no target assembly definition
[Package Manager] Failed to launch server process. Reason: Unity was launched with the -noUpm command-line argument
[Package Manager] Unable to send message (not connected to server process).
[Package Manager] Cannot connect to Unity Package Manager local server
[Package Manager] Failed to launch server process. Reason: Unity was launched with the -noUpm command-line argument
[Package Manager] Unable to send message (not connected to server process).
[Package Manager] Cannot connect to Unity Package Manager local server
Mono: successfully reloaded assembly
- Finished resetting the current domain, in  5.903 seconds
Domain Reload Profiling: 8683ms
	BeginReloadAssembly (614ms)
		ExecutionOrderSort (0ms)
		DisableScriptedObjects (37ms)
		BackupInstance (0ms)
		ReleaseScriptingObjects (0ms)
		CreateAndSetChildDomain (122ms)
	RebuildCommonClasses (106ms)
	RebuildNativeTypeToScriptingClass (40ms)
	initialDomainReloadingComplete (116ms)
	LoadAllAssembliesAndSetupDomain (1900ms)
		LoadAssemblies (1491ms)
		RebuildTransferFunctionScriptingTraits (0ms)
		AnalyzeDomain (699ms)
			TypeCache.Refresh (20ms)
				TypeCache.ScanAssembly (0ms)
			BuildScriptInfoCaches (632ms)
			ResolveRequiredComponents (36ms)
	FinalizeReload (5908ms)
		ReleaseScriptCaches (0ms)
		RebuildScriptCaches (0ms)
		SetupLoadedEditorAssemblies (5180ms)
			LogAssemblyErrors (0ms)
			InitializePlatformSupportModulesInManaged (86ms)
			SetLoadedEditorAssemblies (13ms)
			BeforeProcessingInitializeOnLoad (1645ms)
			ProcessInitializeOnLoadAttributes (2957ms)
			ProcessInitializeOnLoadMethodAttributes (384ms)
			AfterProcessingInitializeOnLoad (91ms)
			EditorAssembliesLoaded (3ms)
		ExecutionOrderSort2 (0ms)
		AwakeInstancesAfterBackupRestoration (86ms)
Refreshing native plugins compatible for Editor in 118.98 ms, found 8 plugins.
Preloading 0 native plugins for Editor in 0.00 ms.
Unloading 15 Unused Serialized files (Serialized files now loaded: 0)
Unloading 8482 unused Assets / (5.4 MB). Loaded Objects now: 9261.
Memory consumption went from 161.3 MB to 155.8 MB.
Total: 29.560800 ms (FindLiveObjects: 1.845600 ms CreateObjectMapping: 2.849600 ms MarkObjects: 16.076300 ms  DeleteObjects: 8.786000 ms)

Prepare: number of updated asset objects reloaded= 0
========================================================================
Received Prepare
[Licensing::Client] Successfully resolved entitlement details
Assembly reference Packages/com.unity.cinemachine/Editor/Samples/ExposeHDRPInternals/HDRP-Editor-ref.asmref has no target assembly definition
Assembly reference Packages/com.unity.cinemachine/Editor/Samples/ExposeHDRPInternals/HDRP-Editor-ref.asmref has no target assembly definition
Begin MonoManager ReloadAssembly
[Licensing::Client] Successfully resolved entitlement details
Symbol file LoadedFromMemory is not a mono symbol file
- Loaded All Assemblies, in  2.839 seconds
Assembly reference Packages/com.unity.cinemachine/Editor/Samples/ExposeHDRPInternals/HDRP-Editor-ref.asmref has no target assembly definition
'Packages/com.unity.cinemachine/Editor/Obsolete/CinemachineVirtualCameraBaseEditor.cs' contains partial class of Unity.Object, exactly 1 of the partial classes needs to be in a file with the same filename. This is to know the one that can be referenced from ie. GameObjects
'Packages/com.unity.cinemachine/Editor/Editors/CinemachineVirtualCameraBaseEditor.cs' contains partial class of Unity.Object, exactly 1 of the partial classes needs to be in a file with the same filename. This is to know the one that can be referenced from ie. GameObjects
Refreshing native plugins compatible for Editor in 51.00 ms, found 8 plugins.
Native extension for iOS target not found
Native extension for Android target not found
Native extension for WindowsStandalone target not found
Assembly reference Packages/com.unity.cinemachine/Editor/Samples/ExposeHDRPInternals/HDRP-Editor-ref.asmref has no target assembly definition
[Package Manager] Failed to launch server process. Reason: Unity was launched with the -noUpm command-line argument
[Package Manager] Unable to send message (not connected to server process).
[Package Manager] Cannot connect to Unity Package Manager local server
[Package Manager] Failed to launch server process. Reason: Unity was launched with the -noUpm command-line argument
[Package Manager] Unable to send message (not connected to server process).
[Package Manager] Cannot connect to Unity Package Manager local server
Mono: successfully reloaded assembly
- Finished resetting the current domain, in  3.747 seconds
Domain Reload Profiling: 6549ms
	BeginReloadAssembly (628ms)
		ExecutionOrderSort (0ms)
		DisableScriptedObjects (42ms)
		BackupInstance (0ms)
		ReleaseScriptingObjects (0ms)
		CreateAndSetChildDomain (128ms)
	RebuildCommonClasses (95ms)
	RebuildNativeTypeToScriptingClass (38ms)
	initialDomainReloadingComplete (104ms)
	LoadAllAssembliesAndSetupDomain (1936ms)
		LoadAssemblies (1679ms)
		RebuildTransferFunctionScriptingTraits (0ms)
		AnalyzeDomain (556ms)
			TypeCache.Refresh (17ms)
				TypeCache.ScanAssembly (0ms)
			BuildScriptInfoCaches (501ms)
			ResolveRequiredComponents (27ms)
	FinalizeReload (3748ms)
		ReleaseScriptCaches (0ms)
		RebuildScriptCaches (0ms)
		SetupLoadedEditorAssemblies (3051ms)
			LogAssemblyErrors (0ms)
			InitializePlatformSupportModulesInManaged (66ms)
			SetLoadedEditorAssemblies (9ms)
			BeforeProcessingInitializeOnLoad (864ms)
			ProcessInitializeOnLoadAttributes (1761ms)
			ProcessInitializeOnLoadMethodAttributes (279ms)
			AfterProcessingInitializeOnLoad (71ms)
			EditorAssembliesLoaded (2ms)
		ExecutionOrderSort2 (0ms)
		AwakeInstancesAfterBackupRestoration (46ms)
Refreshing native plugins compatible for Editor in 43.23 ms, found 8 plugins.
Preloading 0 native plugins for Editor in 0.00 ms.
Unloading 15 Unused Serialized files (Serialized files now loaded: 0)
Unloading 8482 unused Assets / (5.9 MB). Loaded Objects now: 9264.
Memory consumption went from 161.3 MB to 155.4 MB.
Total: 24.706800 ms (FindLiveObjects: 1.611400 ms CreateObjectMapping: 3.013500 ms MarkObjects: 11.094500 ms  DeleteObjects: 8.985400 ms)

Prepare: number of updated asset objects reloaded= 0
========================================================================
Received Prepare
[Licensing::Client] Successfully resolved entitlement details
Assembly reference Packages/com.unity.cinemachine/Editor/Samples/ExposeHDRPInternals/HDRP-Editor-ref.asmref has no target assembly definition
Assembly reference Packages/com.unity.cinemachine/Editor/Samples/ExposeHDRPInternals/HDRP-Editor-ref.asmref has no target assembly definition
Begin MonoManager ReloadAssembly
[Licensing::Client] Successfully resolved entitlement details
Symbol file LoadedFromMemory is not a mono symbol file
- Loaded All Assemblies, in  2.983 seconds
Assembly reference Packages/com.unity.cinemachine/Editor/Samples/ExposeHDRPInternals/HDRP-Editor-ref.asmref has no target assembly definition
'Packages/com.unity.cinemachine/Editor/Obsolete/CinemachineVirtualCameraBaseEditor.cs' contains partial class of Unity.Object, exactly 1 of the partial classes needs to be in a file with the same filename. This is to know the one that can be referenced from ie. GameObjects
'Packages/com.unity.cinemachine/Editor/Editors/CinemachineVirtualCameraBaseEditor.cs' contains partial class of Unity.Object, exactly 1 of the partial classes needs to be in a file with the same filename. This is to know the one that can be referenced from ie. GameObjects
Refreshing native plugins compatible for Editor in 41.77 ms, found 8 plugins.
Native extension for iOS target not found
Native extension for Android target not found
Native extension for WindowsStandalone target not found
Assembly reference Packages/com.unity.cinemachine/Editor/Samples/ExposeHDRPInternals/HDRP-Editor-ref.asmref has no target assembly definition
[Package Manager] Failed to launch server process. Reason: Unity was launched with the -noUpm command-line argument
[Package Manager] Unable to send message (not connected to server process).
[Package Manager] Cannot connect to Unity Package Manager local server
[Package Manager] Failed to launch server process. Reason: Unity was launched with the -noUpm command-line argument
[Package Manager] Unable to send message (not connected to server process).
[Package Manager] Cannot connect to Unity Package Manager local server
Mono: successfully reloaded assembly
- Finished resetting the current domain, in  2.494 seconds
Domain Reload Profiling: 5445ms
	BeginReloadAssembly (581ms)
		ExecutionOrderSort (0ms)
		DisableScriptedObjects (34ms)
		BackupInstance (0ms)
		ReleaseScriptingObjects (0ms)
		CreateAndSetChildDomain (123ms)
	RebuildCommonClasses (87ms)
	RebuildNativeTypeToScriptingClass (31ms)
	initialDomainReloadingComplete (124ms)
	LoadAllAssembliesAndSetupDomain (2127ms)
		LoadAssemblies (1634ms)
		RebuildTransferFunctionScriptingTraits (0ms)
		AnalyzeDomain (747ms)
			TypeCache.Refresh (19ms)
				TypeCache.ScanAssembly (0ms)
			BuildScriptInfoCaches (662ms)
			ResolveRequiredComponents (49ms)
	FinalizeReload (2495ms)
		ReleaseScriptCaches (0ms)
		RebuildScriptCaches (0ms)
		SetupLoadedEditorAssemblies (2076ms)
			LogAssemblyErrors (0ms)
			InitializePlatformSupportModulesInManaged (70ms)
			SetLoadedEditorAssemblies (11ms)
			BeforeProcessingInitializeOnLoad (500ms)
			ProcessInitializeOnLoadAttributes (1265ms)
			ProcessInitializeOnLoadMethodAttributes (187ms)
			AfterProcessingInitializeOnLoad (42ms)
			EditorAssembliesLoaded (1ms)
		ExecutionOrderSort2 (0ms)
		AwakeInstancesAfterBackupRestoration (42ms)
Refreshing native plugins compatible for Editor in 58.44 ms, found 8 plugins.
Preloading 0 native plugins for Editor in 0.00 ms.
Unloading 15 Unused Serialized files (Serialized files now loaded: 0)
Unloading 8482 unused Assets / (4.6 MB). Loaded Objects now: 9267.
Memory consumption went from 161.3 MB to 156.7 MB.
Total: 27.155500 ms (FindLiveObjects: 1.900800 ms CreateObjectMapping: 1.763100 ms MarkObjects: 15.119900 ms  DeleteObjects: 8.368400 ms)

Prepare: number of updated asset objects reloaded= 0
========================================================================
Received Prepare
[Licensing::Client] Successfully resolved entitlement details
Assembly reference Packages/com.unity.cinemachine/Editor/Samples/ExposeHDRPInternals/HDRP-Editor-ref.asmref has no target assembly definition
Assembly reference Packages/com.unity.cinemachine/Editor/Samples/ExposeHDRPInternals/HDRP-Editor-ref.asmref has no target assembly definition
Begin MonoManager ReloadAssembly
[Licensing::Client] Successfully resolved entitlement details
Symbol file LoadedFromMemory is not a mono symbol file
- Loaded All Assemblies, in  2.620 seconds
Assembly reference Packages/com.unity.cinemachine/Editor/Samples/ExposeHDRPInternals/HDRP-Editor-ref.asmref has no target assembly definition
'Packages/com.unity.cinemachine/Editor/Obsolete/CinemachineVirtualCameraBaseEditor.cs' contains partial class of Unity.Object, exactly 1 of the partial classes needs to be in a file with the same filename. This is to know the one that can be referenced from ie. GameObjects
'Packages/com.unity.cinemachine/Editor/Editors/CinemachineVirtualCameraBaseEditor.cs' contains partial class of Unity.Object, exactly 1 of the partial classes needs to be in a file with the same filename. This is to know the one that can be referenced from ie. GameObjects
Refreshing native plugins compatible for Editor in 124.80 ms, found 8 plugins.
Native extension for iOS target not found
Native extension for Android target not found
Native extension for WindowsStandalone target not found
Assembly reference Packages/com.unity.cinemachine/Editor/Samples/ExposeHDRPInternals/HDRP-Editor-ref.asmref has no target assembly definition
[Package Manager] Failed to launch server process. Reason: Unity was launched with the -noUpm command-line argument
[Package Manager] Unable to send message (not connected to server process).
[Package Manager] Cannot connect to Unity Package Manager local server
[Package Manager] Failed to launch server process. Reason: Unity was launched with the -noUpm command-line argument
[Package Manager] Unable to send message (not connected to server process).
[Package Manager] Cannot connect to Unity Package Manager local server
Mono: successfully reloaded assembly
- Finished resetting the current domain, in  3.094 seconds
Domain Reload Profiling: 5686ms
	BeginReloadAssembly (574ms)
		ExecutionOrderSort (0ms)
		DisableScriptedObjects (35ms)
		BackupInstance (0ms)
		ReleaseScriptingObjects (0ms)
		CreateAndSetChildDomain (117ms)
	RebuildCommonClasses (95ms)
	RebuildNativeTypeToScriptingClass (33ms)
	initialDomainReloadingComplete (115ms)
	LoadAllAssembliesAndSetupDomain (1774ms)
		LoadAssemblies (1472ms)
		RebuildTransferFunctionScriptingTraits (0ms)
		AnalyzeDomain (566ms)
			TypeCache.Refresh (18ms)
				TypeCache.ScanAssembly (0ms)
			BuildScriptInfoCaches (505ms)
			ResolveRequiredComponents (31ms)
	FinalizeReload (3095ms)
		ReleaseScriptCaches (0ms)
		RebuildScriptCaches (0ms)
		SetupLoadedEditorAssemblies (2374ms)
			LogAssemblyErrors (0ms)
			InitializePlatformSupportModulesInManaged (90ms)
			SetLoadedEditorAssemblies (33ms)
			BeforeProcessingInitializeOnLoad (722ms)
			ProcessInitializeOnLoadAttributes (1310ms)
			ProcessInitializeOnLoadMethodAttributes (184ms)
			AfterProcessingInitializeOnLoad (34ms)
			EditorAssembliesLoaded (1ms)
		ExecutionOrderSort2 (0ms)
		AwakeInstancesAfterBackupRestoration (38ms)
Refreshing native plugins compatible for Editor in 45.41 ms, found 8 plugins.
Preloading 0 native plugins for Editor in 0.00 ms.
Unloading 15 Unused Serialized files (Serialized files now loaded: 0)
Unloading 8482 unused Assets / (5.1 MB). Loaded Objects now: 9270.
Memory consumption went from 161.4 MB to 156.2 MB.
Total: 20.903800 ms (FindLiveObjects: 1.419500 ms CreateObjectMapping: 2.178300 ms MarkObjects: 10.687800 ms  DeleteObjects: 6.615100 ms)

Prepare: number of updated asset objects reloaded= 0
========================================================================
Received Prepare
[Licensing::Client] Successfully resolved entitlement details
Assembly reference Packages/com.unity.cinemachine/Editor/Samples/ExposeHDRPInternals/HDRP-Editor-ref.asmref has no target assembly definition
Assembly reference Packages/com.unity.cinemachine/Editor/Samples/ExposeHDRPInternals/HDRP-Editor-ref.asmref has no target assembly definition
Begin MonoManager ReloadAssembly
[Licensing::Client] Successfully resolved entitlement details
Symbol file LoadedFromMemory is not a mono symbol file
- Loaded All Assemblies, in  2.724 seconds
Assembly reference Packages/com.unity.cinemachine/Editor/Samples/ExposeHDRPInternals/HDRP-Editor-ref.asmref has no target assembly definition
'Packages/com.unity.cinemachine/Editor/Obsolete/CinemachineVirtualCameraBaseEditor.cs' contains partial class of Unity.Object, exactly 1 of the partial classes needs to be in a file with the same filename. This is to know the one that can be referenced from ie. GameObjects
'Packages/com.unity.cinemachine/Editor/Editors/CinemachineVirtualCameraBaseEditor.cs' contains partial class of Unity.Object, exactly 1 of the partial classes needs to be in a file with the same filename. This is to know the one that can be referenced from ie. GameObjects
Refreshing native plugins compatible for Editor in 52.08 ms, found 8 plugins.
Native extension for iOS target not found
Native extension for Android target not found
Native extension for WindowsStandalone target not found
Assembly reference Packages/com.unity.cinemachine/Editor/Samples/ExposeHDRPInternals/HDRP-Editor-ref.asmref has no target assembly definition
[Package Manager] Failed to launch server process. Reason: Unity was launched with the -noUpm command-line argument
[Package Manager] Unable to send message (not connected to server process).
[Package Manager] Cannot connect to Unity Package Manager local server
[Package Manager] Failed to launch server process. Reason: Unity was launched with the -noUpm command-line argument
[Package Manager] Unable to send message (not connected to server process).
[Package Manager] Cannot connect to Unity Package Manager local server
Mono: successfully reloaded assembly
- Finished resetting the current domain, in  3.338 seconds
Domain Reload Profiling: 6023ms
	BeginReloadAssembly (718ms)
		ExecutionOrderSort (0ms)
		DisableScriptedObjects (70ms)
		BackupInstance (0ms)
		ReleaseScriptingObjects (0ms)
		CreateAndSetChildDomain (130ms)
	RebuildCommonClasses (96ms)
	RebuildNativeTypeToScriptingClass (32ms)
	initialDomainReloadingComplete (103ms)
	LoadAllAssembliesAndSetupDomain (1736ms)
		LoadAssemblies (1548ms)
		RebuildTransferFunctionScriptingTraits (0ms)
		AnalyzeDomain (532ms)
			TypeCache.Refresh (18ms)
				TypeCache.ScanAssembly (0ms)
			BuildScriptInfoCaches (481ms)
			ResolveRequiredComponents (24ms)
	FinalizeReload (3339ms)
		ReleaseScriptCaches (0ms)
		RebuildScriptCaches (0ms)
		SetupLoadedEditorAssemblies (2708ms)
			LogAssemblyErrors (0ms)
			InitializePlatformSupportModulesInManaged (77ms)
			SetLoadedEditorAssemblies (14ms)
			BeforeProcessingInitializeOnLoad (928ms)
			ProcessInitializeOnLoadAttributes (1421ms)
			ProcessInitializeOnLoadMethodAttributes (223ms)
			AfterProcessingInitializeOnLoad (44ms)
			EditorAssembliesLoaded (1ms)
		ExecutionOrderSort2 (0ms)
		AwakeInstancesAfterBackupRestoration (46ms)
Refreshing native plugins compatible for Editor in 207.41 ms, found 8 plugins.
Preloading 0 native plugins for Editor in 0.00 ms.
Unloading 15 Unused Serialized files (Serialized files now loaded: 0)
Unloading 8482 unused Assets / (5.1 MB). Loaded Objects now: 9273.
Memory consumption went from 161.4 MB to 156.3 MB.
Total: 63.020400 ms (FindLiveObjects: 1.912700 ms CreateObjectMapping: 2.943100 ms MarkObjects: 49.038500 ms  DeleteObjects: 9.123700 ms)

Prepare: number of updated asset objects reloaded= 0
========================================================================
Received Import Request.
  Time since last request: 3112.930898 seconds.
  path: Assets/Imports/kenney_space-shooter-redux/PNG/Parts/wingGreen_7.png
  artifactKey: Guid(9525eb478b18d29408256412f4d274cf) Importer(815301076,1909f56bfc062723c751e8b465ee728b)
Start importing Assets/Imports/kenney_space-shooter-redux/PNG/Parts/wingGreen_7.png using Guid(9525eb478b18d29408256412f4d274cf) Importer(815301076,1909f56bfc062723c751e8b465ee728b) (PreviewImporter) -> (artifact id: '17f5421972e53c8de4f86bd8cb084d20') in 0.5817272 seconds
Number of updated asset objects reloaded before import = 0Number of asset objects unloaded after import = 3

========================================================================
Received Import Request.
  Time since last request: 0.000046 seconds.
  path: Assets/Imports/kenney_space-shooter-redux/PNG/Parts/wingRed_3.png
  artifactKey: Guid(c8b12f43e3858eb4aaeaa682742ed919) Importer(815301076,1909f56bfc062723c751e8b465ee728b)
Start importing Assets/Imports/kenney_space-shooter-redux/PNG/Parts/wingRed_3.png using Guid(c8b12f43e3858eb4aaeaa682742ed919) Importer(815301076,1909f56bfc062723c751e8b465ee728b) (PreviewImporter) -> (artifact id: '199fa4b3753ec49c02c6e8191713efc7') in 0.0565661 seconds
Number of updated asset objects reloaded before import = 0Number of asset objects unloaded after import = 3

========================================================================
Received Import Request.
  Time since last request: 0.000056 seconds.
  path: Assets/Imports/kenney_space-shooter-redux/PNG/Parts/wingRed_0.png
  artifactKey: Guid(a44abac24ed11294da763dbfc6094feb) Importer(815301076,1909f56bfc062723c751e8b465ee728b)
Start importing Assets/Imports/kenney_space-shooter-redux/PNG/Parts/wingRed_0.png using Guid(a44abac24ed11294da763dbfc6094feb) Importer(815301076,1909f56bfc062723c751e8b465ee728b) (PreviewImporter) -> (artifact id: 'ce479331947875d1ab66e8ba4aa9eb4e') in 0.0565765 seconds
Number of updated asset objects reloaded before import = 0Number of asset objects unloaded after import = 3

========================================================================
Received Import Request.
  Time since last request: 0.443774 seconds.
  path: Assets/Imports/kenney_game-icons-expansion/Game icons (base)/PNG/White/2x/unlocked.png
  artifactKey: Guid(87f6692d6d381d94fb905e377ac85ff9) Importer(815301076,1909f56bfc062723c751e8b465ee728b)
Start importing Assets/Imports/kenney_game-icons-expansion/Game icons (base)/PNG/White/2x/unlocked.png using Guid(87f6692d6d381d94fb905e377ac85ff9) Importer(815301076,1909f56bfc062723c751e8b465ee728b) (PreviewImporter) -> (artifact id: 'b68ef81e078a52d204b95d0c97d46552') in 0.0273956 seconds
Number of updated asset objects reloaded before import = 0Number of asset objects unloaded after import = 3

========================================================================
Received Import Request.
  Time since last request: 0.000037 seconds.
  path: Assets/Imports/kenney_car-kit/Previews/wheel-racing.png
  artifactKey: Guid(8d5c7d651ef1907499e207db71982dff) Importer(815301076,1909f56bfc062723c751e8b465ee728b)
Start importing Assets/Imports/kenney_car-kit/Previews/wheel-racing.png using Guid(8d5c7d651ef1907499e207db71982dff) Importer(815301076,1909f56bfc062723c751e8b465ee728b) (PreviewImporter) -> (artifact id: '7be82a71ad1ad78c6e5fc74e5a2b722a') in 0.0317836 seconds
Number of updated asset objects reloaded before import = 0Number of asset objects unloaded after import = 3

========================================================================
Received Import Request.
  Time since last request: 0.000055 seconds.
  path: Assets/Joystick Pack/Sprites/Vertical Backgrounds/Vertical_Ridged.png
  artifactKey: Guid(08c1fa6351174a9439d97cfc9d3307cc) Importer(815301076,1909f56bfc062723c751e8b465ee728b)
Start importing Assets/Joystick Pack/Sprites/Vertical Backgrounds/Vertical_Ridged.png using Guid(08c1fa6351174a9439d97cfc9d3307cc) Importer(815301076,1909f56bfc062723c751e8b465ee728b) (PreviewImporter) -> (artifact id: '07836b5156d2a6e6d5997ea99c73d04f') in 0.0347805 seconds
Number of updated asset objects reloaded before import = 0Number of asset objects unloaded after import = 3

========================================================================
Received Import Request.
  Time since last request: 0.000028 seconds.
  path: Assets/Imports/kenney_car-kit/Previews/wheel-truck.png
  artifactKey: Guid(b677c33066e3f974b87a03c71bc907ff) Importer(815301076,1909f56bfc062723c751e8b465ee728b)
Start importing Assets/Imports/kenney_car-kit/Previews/wheel-truck.png using Guid(b677c33066e3f974b87a03c71bc907ff) Importer(815301076,1909f56bfc062723c751e8b465ee728b) (PreviewImporter) -> (artifact id: '658117638c9e7778ddc46ac139572e18') in 0.0267452 seconds
Number of updated asset objects reloaded before import = 0Number of asset objects unloaded after import = 3

========================================================================
Received Import Request.
  Time since last request: 0.000035 seconds.
  path: Assets/Imports/kenney_space-shooter-redux/PNG/Parts/scratch2.png
  artifactKey: Guid(3e286f6b65a677b43a477404351bad50) Importer(815301076,1909f56bfc062723c751e8b465ee728b)
Start importing Assets/Imports/kenney_space-shooter-redux/PNG/Parts/scratch2.png using Guid(3e286f6b65a677b43a477404351bad50) Importer(815301076,1909f56bfc062723c751e8b465ee728b) (PreviewImporter) -> (artifact id: '963d56263b8caf6f6b3fe52d09b57fde') in 0.0237721 seconds
Number of updated asset objects reloaded before import = 0Number of asset objects unloaded after import = 3

========================================================================
Received Import Request.
  Time since last request: 0.079881 seconds.
  path: Assets/Imports/kenney_ui-pack/PNG/Grey/Default/check_square_grey_square.png
  artifactKey: Guid(a4ef4bc1d26eafa4eb277ca3d6ebfefc) Importer(815301076,1909f56bfc062723c751e8b465ee728b)
Start importing Assets/Imports/kenney_ui-pack/PNG/Grey/Default/check_square_grey_square.png using Guid(a4ef4bc1d26eafa4eb277ca3d6ebfefc) Importer(815301076,1909f56bfc062723c751e8b465ee728b) (PreviewImporter) -> (artifact id: '1bb2808bc1dce13d86a3ce4d5e024ec8') in 0.0206568 seconds
Number of updated asset objects reloaded before import = 0Number of asset objects unloaded after import = 3

========================================================================
Received Import Request.
  Time since last request: 0.000046 seconds.
  path: Assets/Imports/kenney_ui-pack/PNG/Blue/Double/icon_outline_checkmark.png
  artifactKey: Guid(dc1f11e7dcc3e5f46b3e09bf4206e042) Importer(815301076,1909f56bfc062723c751e8b465ee728b)
Start importing Assets/Imports/kenney_ui-pack/PNG/Blue/Double/icon_outline_checkmark.png using Guid(dc1f11e7dcc3e5f46b3e09bf4206e042) Importer(815301076,1909f56bfc062723c751e8b465ee728b) (PreviewImporter) -> (artifact id: '8478234c70ae90fbc68db8eefa621465') in 0.0231005 seconds
Number of updated asset objects reloaded before import = 0Number of asset objects unloaded after import = 3

========================================================================
Received Import Request.
  Time since last request: 0.000043 seconds.
  path: Assets/Imports/kenney_game-icons-expansion/Game icons (base)/PNG/White/2x/checkmark.png
  artifactKey: Guid(3804006dee0fa3e46b3e20271d8cf180) Importer(815301076,1909f56bfc062723c751e8b465ee728b)
Start importing Assets/Imports/kenney_game-icons-expansion/Game icons (base)/PNG/White/2x/checkmark.png using Guid(3804006dee0fa3e46b3e20271d8cf180) Importer(815301076,1909f56bfc062723c751e8b465ee728b) (PreviewImporter) -> (artifact id: '4b06d0cd10594ba3bee7a02d3d278eed') in 0.0276807 seconds
Number of updated asset objects reloaded before import = 0Number of asset objects unloaded after import = 3

========================================================================
Received Import Request.
  Time since last request: 0.000027 seconds.
  path: Assets/Imports/kenney_ui-pack/PNG/Yellow/Double/icon_outline_checkmark.png
  artifactKey: Guid(ab5979da28ec39d488e85ef1bb9964c0) Importer(815301076,1909f56bfc062723c751e8b465ee728b)
Start importing Assets/Imports/kenney_ui-pack/PNG/Yellow/Double/icon_outline_checkmark.png using Guid(ab5979da28ec39d488e85ef1bb9964c0) Importer(815301076,1909f56bfc062723c751e8b465ee728b) (PreviewImporter) -> (artifact id: '0b9793d35de686e553fd7a153954d7d7') in 0.0195146 seconds
Number of updated asset objects reloaded before import = 0Number of asset objects unloaded after import = 3

========================================================================
Received Import Request.
  Time since last request: 0.000047 seconds.
  path: Assets/Imports/kenney_ui-pack/PNG/Red/Double/icon_outline_checkmark.png
  artifactKey: Guid(20188e896d7b65a4784956894f9aaae6) Importer(815301076,1909f56bfc062723c751e8b465ee728b)
Start importing Assets/Imports/kenney_ui-pack/PNG/Red/Double/icon_outline_checkmark.png using Guid(20188e896d7b65a4784956894f9aaae6) Importer(815301076,1909f56bfc062723c751e8b465ee728b) (PreviewImporter) -> (artifact id: 'f4fc599fad47ef38967d68b98b8a4527') in 0.0221538 seconds
Number of updated asset objects reloaded before import = 0Number of asset objects unloaded after import = 3

========================================================================
Received Import Request.
  Time since last request: 0.000055 seconds.
  path: Assets/Imports/kenney_ui-pack/PNG/Grey/Default/icon_outline_checkmark.png
  artifactKey: Guid(db9c17260b7eb18448b3b15b01dcec82) Importer(815301076,1909f56bfc062723c751e8b465ee728b)
Start importing Assets/Imports/kenney_ui-pack/PNG/Grey/Default/icon_outline_checkmark.png using Guid(db9c17260b7eb18448b3b15b01dcec82) Importer(815301076,1909f56bfc062723c751e8b465ee728b) (PreviewImporter) -> (artifact id: 'f17c4a5bda0e2b0af1dc8b15480195e6') in 0.0279063 seconds
Number of updated asset objects reloaded before import = 0Number of asset objects unloaded after import = 3

========================================================================
Received Import Request.
  Time since last request: 0.000029 seconds.
  path: Assets/Imports/mobile-controls-1/Sprites/Icons/Large (2×)/icon_checkmark.png
  artifactKey: Guid(49d27d72df5a2d74cbec7793adc71254) Importer(815301076,1909f56bfc062723c751e8b465ee728b)
Start importing Assets/Imports/mobile-controls-1/Sprites/Icons/Large (2×)/icon_checkmark.png using Guid(49d27d72df5a2d74cbec7793adc71254) Importer(815301076,1909f56bfc062723c751e8b465ee728b) (PreviewImporter) -> (artifact id: 'da07c082430cd64455c905d9aae70646') in 0.0236403 seconds
Number of updated asset objects reloaded before import = 0Number of asset objects unloaded after import = 3

========================================================================
Received Import Request.
  Time since last request: 0.000053 seconds.
  path: Assets/Imports/kenney_ui-pack/PNG/Blue/Double/icon_checkmark.png
  artifactKey: Guid(457bb1890c64380498afd5859599ed20) Importer(815301076,1909f56bfc062723c751e8b465ee728b)
Start importing Assets/Imports/kenney_ui-pack/PNG/Blue/Double/icon_checkmark.png using Guid(457bb1890c64380498afd5859599ed20) Importer(815301076,1909f56bfc062723c751e8b465ee728b) (PreviewImporter) -> (artifact id: 'eef7a1304feb473e112b531a1c423b9c') in 0.0237252 seconds
Number of updated asset objects reloaded before import = 0Number of asset objects unloaded after import = 3

========================================================================
Received Import Request.
  Time since last request: 0.707581 seconds.
  path: Assets/Imports/kenney_ui-pack/PNG/Red/Double/check_square_grey_checkmark.png
  artifactKey: Guid(43614eafe513f4943943a66a9477416f) Importer(815301076,1909f56bfc062723c751e8b465ee728b)
Start importing Assets/Imports/kenney_ui-pack/PNG/Red/Double/check_square_grey_checkmark.png using Guid(43614eafe513f4943943a66a9477416f) Importer(815301076,1909f56bfc062723c751e8b465ee728b) (PreviewImporter) -> (artifact id: 'c211be084381bc815005d5ad966eed00') in 0.0230909 seconds
Number of updated asset objects reloaded before import = 0Number of asset objects unloaded after import = 3

========================================================================
Received Import Request.
  Time since last request: 0.000035 seconds.
  path: Assets/Imports/kenney_ui-pack/PNG/Red/Double/check_square_grey_cross.png
  artifactKey: Guid(39f0acd74b82b534cb9a6c177340315d) Importer(815301076,1909f56bfc062723c751e8b465ee728b)
Start importing Assets/Imports/kenney_ui-pack/PNG/Red/Double/check_square_grey_cross.png using Guid(39f0acd74b82b534cb9a6c177340315d) Importer(815301076,1909f56bfc062723c751e8b465ee728b) (PreviewImporter) -> (artifact id: '4f5d36ddc71b73c5d0851033af3f4705') in 0.0249298 seconds
Number of updated asset objects reloaded before import = 0Number of asset objects unloaded after import = 3

========================================================================
Received Import Request.
  Time since last request: 0.000053 seconds.
  path: Assets/Imports/kenney_ui-pack/PNG/Grey/Double/check_square_grey_square.png
  artifactKey: Guid(0e0388c787d55ef47a7630e4b5fba2e6) Importer(815301076,1909f56bfc062723c751e8b465ee728b)
Start importing Assets/Imports/kenney_ui-pack/PNG/Grey/Double/check_square_grey_square.png using Guid(0e0388c787d55ef47a7630e4b5fba2e6) Importer(815301076,1909f56bfc062723c751e8b465ee728b) (PreviewImporter) -> (artifact id: '316bc63a21ac8643cefd99967e58f513') in 0.0274903 seconds
Number of updated asset objects reloaded before import = 0Number of asset objects unloaded after import = 3

========================================================================
Received Import Request.
  Time since last request: 0.000031 seconds.
  path: Assets/Imports/kenney_ui-pack/PNG/Yellow/Double/check_square_grey_checkmark.png
  artifactKey: Guid(e73224b957a13f542b3a461fe2556102) Importer(815301076,1909f56bfc062723c751e8b465ee728b)
Start importing Assets/Imports/kenney_ui-pack/PNG/Yellow/Double/check_square_grey_checkmark.png using Guid(e73224b957a13f542b3a461fe2556102) Importer(815301076,1909f56bfc062723c751e8b465ee728b) (PreviewImporter) -> (artifact id: 'cea4765f8e20548201bf95855b719f29') in 0.025124 seconds
Number of updated asset objects reloaded before import = 0Number of asset objects unloaded after import = 3

========================================================================
Received Import Request.
  Time since last request: 0.000043 seconds.
  path: Assets/Imports/kenney_ui-pack/PNG/Grey/Default/check_square_grey_cross.png
  artifactKey: Guid(484ca56bd7baf214c9c989e103068a2c) Importer(815301076,1909f56bfc062723c751e8b465ee728b)
Start importing Assets/Imports/kenney_ui-pack/PNG/Grey/Default/check_square_grey_cross.png using Guid(484ca56bd7baf214c9c989e103068a2c) Importer(815301076,1909f56bfc062723c751e8b465ee728b) (PreviewImporter) -> (artifact id: '04fdb77bd82dbcb908e7d6bf58ffe282') in 0.0345014 seconds
Number of updated asset objects reloaded before import = 0Number of asset objects unloaded after import = 3

========================================================================
Received Import Request.
  Time since last request: 0.000057 seconds.
  path: Assets/Imports/kenney_ui-pack/PNG/Blue/Double/check_square_grey_square.png
  artifactKey: Guid(814b9357fcd162d4988005a861e78137) Importer(815301076,1909f56bfc062723c751e8b465ee728b)
Start importing Assets/Imports/kenney_ui-pack/PNG/Blue/Double/check_square_grey_square.png using Guid(814b9357fcd162d4988005a861e78137) Importer(815301076,1909f56bfc062723c751e8b465ee728b) (PreviewImporter) -> (artifact id: 'be85b8e34864fb2942b73552c0d1aad2') in 0.0236874 seconds
Number of updated asset objects reloaded before import = 0Number of asset objects unloaded after import = 3

========================================================================
Received Import Request.
  Time since last request: 0.000040 seconds.
  path: Assets/Imports/kenney_ui-pack/PNG/Grey/Default/check_square_grey_checkmark.png
  artifactKey: Guid(731b8b44bbd9bb649b553d6e83001dae) Importer(815301076,1909f56bfc062723c751e8b465ee728b)
Start importing Assets/Imports/kenney_ui-pack/PNG/Grey/Default/check_square_grey_checkmark.png using Guid(731b8b44bbd9bb649b553d6e83001dae) Importer(815301076,1909f56bfc062723c751e8b465ee728b) (PreviewImporter) -> (artifact id: '25c7e35171e70b416e2f0225b7275ffb') in 0.0286503 seconds
Number of updated asset objects reloaded before import = 0Number of asset objects unloaded after import = 3

========================================================================
Received Import Request.
  Time since last request: 0.082698 seconds.
  path: Assets/Imports/kenney_ui-pack/PNG/Blue/Double/check_square_grey.png
  artifactKey: Guid(6ca71978a354a444ba87525cf538af91) Importer(815301076,1909f56bfc062723c751e8b465ee728b)
Start importing Assets/Imports/kenney_ui-pack/PNG/Blue/Double/check_square_grey.png using Guid(6ca71978a354a444ba87525cf538af91) Importer(815301076,1909f56bfc062723c751e8b465ee728b) (PreviewImporter) -> (artifact id: 'c63a633f2ce42562a7638461b4ce681f') in 0.0277727 seconds
Number of updated asset objects reloaded before import = 0Number of asset objects unloaded after import = 3

========================================================================
Received Import Request.
  Time since last request: 0.000043 seconds.
  path: Assets/Imports/kenney_ui-pack/PNG/Red/Double/check_square_grey.png
  artifactKey: Guid(ac808ec685127704ca55425578858a77) Importer(815301076,1909f56bfc062723c751e8b465ee728b)
Start importing Assets/Imports/kenney_ui-pack/PNG/Red/Double/check_square_grey.png using Guid(ac808ec685127704ca55425578858a77) Importer(815301076,1909f56bfc062723c751e8b465ee728b) (PreviewImporter) -> (artifact id: 'e4b60311fac2fef5d565463bec721d8d') in 0.027105 seconds
Number of updated asset objects reloaded before import = 0Number of asset objects unloaded after import = 3

========================================================================
Received Import Request.
  Time since last request: 0.000049 seconds.
  path: Assets/Imports/kenney_ui-pack/PNG/Grey/Default/check_square_color_cross.png
  artifactKey: Guid(7b20f32c6371b8b459bcf38d7078125c) Importer(815301076,1909f56bfc062723c751e8b465ee728b)
Start importing Assets/Imports/kenney_ui-pack/PNG/Grey/Default/check_square_color_cross.png using Guid(7b20f32c6371b8b459bcf38d7078125c) Importer(815301076,1909f56bfc062723c751e8b465ee728b) (PreviewImporter) -> (artifact id: 'd9c2d04e3e59c5fb76715e0692c7b8eb') in 0.0243672 seconds
Number of updated asset objects reloaded before import = 0Number of asset objects unloaded after import = 3

========================================================================
Received Import Request.
  Time since last request: 0.000032 seconds.
  path: Assets/Imports/kenney_ui-pack/PNG/Grey/Double/check_square_color_cross.png
  artifactKey: Guid(37adb45edcd677d4bbb9706582bd1a5d) Importer(815301076,1909f56bfc062723c751e8b465ee728b)
Start importing Assets/Imports/kenney_ui-pack/PNG/Grey/Double/check_square_color_cross.png using Guid(37adb45edcd677d4bbb9706582bd1a5d) Importer(815301076,1909f56bfc062723c751e8b465ee728b) (PreviewImporter) -> (artifact id: 'fe534885182acfbc0ff11c0c54d3a5ae') in 0.02528 seconds
Number of updated asset objects reloaded before import = 0Number of asset objects unloaded after import = 3

========================================================================
Received Import Request.
  Time since last request: 0.000038 seconds.
  path: Assets/Imports/kenney_ui-pack/PNG/Blue/Double/check_square_color_checkmark.png
  artifactKey: Guid(23a74a850220e1b43b8ec12127b9f826) Importer(815301076,1909f56bfc062723c751e8b465ee728b)
Start importing Assets/Imports/kenney_ui-pack/PNG/Blue/Double/check_square_color_checkmark.png using Guid(23a74a850220e1b43b8ec12127b9f826) Importer(815301076,1909f56bfc062723c751e8b465ee728b) (PreviewImporter) -> (artifact id: '70814009ed0c6cb33462f2ad1cbb3267') in 0.0239554 seconds
Number of updated asset objects reloaded before import = 0Number of asset objects unloaded after import = 3

========================================================================
Received Import Request.
  Time since last request: 0.000054 seconds.
  path: Assets/Imports/kenney_ui-pack/PNG/Blue/Double/check_square_color_cross.png
  artifactKey: Guid(40af95f8d5d87cf4d804c6372578f731) Importer(815301076,1909f56bfc062723c751e8b465ee728b)
Start importing Assets/Imports/kenney_ui-pack/PNG/Blue/Double/check_square_color_cross.png using Guid(40af95f8d5d87cf4d804c6372578f731) Importer(815301076,1909f56bfc062723c751e8b465ee728b) (PreviewImporter) -> (artifact id: '3c501c7848216b154b2d0d2ec328c707') in 0.0254034 seconds
Number of updated asset objects reloaded before import = 0Number of asset objects unloaded after import = 3

========================================================================
Received Import Request.
  Time since last request: 0.000183 seconds.
  path: Assets/Imports/kenney_ui-pack/PNG/Grey/Double/check_square_color_checkmark.png
  artifactKey: Guid(3e4bec7729c3baa418679a11bb3487d0) Importer(815301076,1909f56bfc062723c751e8b465ee728b)
Start importing Assets/Imports/kenney_ui-pack/PNG/Grey/Double/check_square_color_checkmark.png using Guid(3e4bec7729c3baa418679a11bb3487d0) Importer(815301076,1909f56bfc062723c751e8b465ee728b) (PreviewImporter) -> (artifact id: 'a7659556960cd392079d654148d111ec') in 0.0326927 seconds
Number of updated asset objects reloaded before import = 0Number of asset objects unloaded after import = 3

========================================================================
Received Import Request.
  Time since last request: 0.000319 seconds.
  path: Assets/Imports/kenney_ui-pack/PNG/Yellow/Double/check_square_color_cross.png
  artifactKey: Guid(46b2fb8c1cf32534a896ff23fac0c6f7) Importer(815301076,1909f56bfc062723c751e8b465ee728b)
Start importing Assets/Imports/kenney_ui-pack/PNG/Yellow/Double/check_square_color_cross.png using Guid(46b2fb8c1cf32534a896ff23fac0c6f7) Importer(815301076,1909f56bfc062723c751e8b465ee728b) (PreviewImporter) -> (artifact id: '9926963056fefbdd2573c9de6fab189e') in 0.0289151 seconds
Number of updated asset objects reloaded before import = 0Number of asset objects unloaded after import = 3

========================================================================
Received Import Request.
  Time since last request: 0.000028 seconds.
  path: Assets/Imports/kenney_ui-pack/PNG/Yellow/Double/check_square_color.png
  artifactKey: Guid(f6d179be11c444340a761285a45c8f39) Importer(815301076,1909f56bfc062723c751e8b465ee728b)
Start importing Assets/Imports/kenney_ui-pack/PNG/Yellow/Double/check_square_color.png using Guid(f6d179be11c444340a761285a45c8f39) Importer(815301076,1909f56bfc062723c751e8b465ee728b) (PreviewImporter) -> (artifact id: 'cfa83c693e73a6d98f77233b28f89bb4') in 0.0198223 seconds
Number of updated asset objects reloaded before import = 0Number of asset objects unloaded after import = 3

========================================================================
Received Import Request.
  Time since last request: 0.000042 seconds.
  path: Assets/Imports/kenney_ui-pack/PNG/Red/Double/check_square_color.png
  artifactKey: Guid(4d4e61e7fa2955947a0f16e71b390e0a) Importer(815301076,1909f56bfc062723c751e8b465ee728b)
Start importing Assets/Imports/kenney_ui-pack/PNG/Red/Double/check_square_color.png using Guid(4d4e61e7fa2955947a0f16e71b390e0a) Importer(815301076,1909f56bfc062723c751e8b465ee728b) (PreviewImporter) -> (artifact id: 'c1fe3059a8c2a205a3f3942fca1a3728') in 0.0269694 seconds
Number of updated asset objects reloaded before import = 0Number of asset objects unloaded after import = 3

========================================================================
Received Import Request.
  Time since last request: 0.000054 seconds.
  path: Assets/Imports/kenney_ui-pack/PNG/Red/Double/check_square_color_cross.png
  artifactKey: Guid(956049f3385e2f14a8dbe3ab22720619) Importer(815301076,1909f56bfc062723c751e8b465ee728b)
Start importing Assets/Imports/kenney_ui-pack/PNG/Red/Double/check_square_color_cross.png using Guid(956049f3385e2f14a8dbe3ab22720619) Importer(815301076,1909f56bfc062723c751e8b465ee728b) (PreviewImporter) -> (artifact id: 'b74d4c56930be6ef0e14c75fe96513f2') in 0.0252654 seconds
Number of updated asset objects reloaded before import = 0Number of asset objects unloaded after import = 3

========================================================================
Received Import Request.
  Time since last request: 0.000040 seconds.
  path: Assets/Imports/kenney_ui-pack/PNG/Blue/Double/check_square_color.png
  artifactKey: Guid(142e0ce7057af094cae21805d9be52f3) Importer(815301076,1909f56bfc062723c751e8b465ee728b)
Start importing Assets/Imports/kenney_ui-pack/PNG/Blue/Double/check_square_color.png using Guid(142e0ce7057af094cae21805d9be52f3) Importer(815301076,1909f56bfc062723c751e8b465ee728b) (PreviewImporter) -> (artifact id: '5c26fbf5c1d8364688a13a4b7f539d35') in 0.0291449 seconds
Number of updated asset objects reloaded before import = 0Number of asset objects unloaded after import = 3

========================================================================
Received Import Request.
  Time since last request: 65.604433 seconds.
  path: Assets/Imports/mobile-controls-1/Sprites/Icons/Large (2×)/icon_arrow_curved.png
  artifactKey: Guid(607cad004b319dd40bb78b773b87d9b1) Importer(815301076,1909f56bfc062723c751e8b465ee728b)
Start importing Assets/Imports/mobile-controls-1/Sprites/Icons/Large (2×)/icon_arrow_curved.png using Guid(607cad004b319dd40bb78b773b87d9b1) Importer(815301076,1909f56bfc062723c751e8b465ee728b) (PreviewImporter) -> (artifact id: 'e5f8cc626d167de55accc254f1d93da6') in 0.027536 seconds
Number of updated asset objects reloaded before import = 0Number of asset objects unloaded after import = 3

========================================================================
Received Import Request.
  Time since last request: 0.000043 seconds.
  path: Assets/Imports/mobile-controls-1/Sprites/Icons/Large (2×)/icon_key.png
  artifactKey: Guid(978e882959da09449aa5b44f2d348e03) Importer(815301076,1909f56bfc062723c751e8b465ee728b)
Start importing Assets/Imports/mobile-controls-1/Sprites/Icons/Large (2×)/icon_key.png using Guid(978e882959da09449aa5b44f2d348e03) Importer(815301076,1909f56bfc062723c751e8b465ee728b) (PreviewImporter) -> (artifact id: '68a3c082118e23226c3f13af209c48c4') in 0.0285492 seconds
Number of updated asset objects reloaded before import = 0Number of asset objects unloaded after import = 3

========================================================================
Received Import Request.
  Time since last request: 0.000053 seconds.
  path: Assets/Imports/mobile-controls-1/Sprites/Icons/Large (2×)/icon_size_smaller.png
  artifactKey: Guid(aa5919c690d009842a4052a091f8678c) Importer(815301076,1909f56bfc062723c751e8b465ee728b)
Start importing Assets/Imports/mobile-controls-1/Sprites/Icons/Large (2×)/icon_size_smaller.png using Guid(aa5919c690d009842a4052a091f8678c) Importer(815301076,1909f56bfc062723c751e8b465ee728b) (PreviewImporter) -> (artifact id: 'dae8eab440627225f2356022272285d9') in 0.0462396 seconds
Number of updated asset objects reloaded before import = 0Number of asset objects unloaded after import = 6

========================================================================
Received Import Request.
  Time since last request: 0.000028 seconds.
  path: Assets/Imports/mobile-controls-1/Sprites/Icons/Large (2×)/icon_music.png
  artifactKey: Guid(f6962d5d1f1e8ae46849b4c1b5c2b5fd) Importer(815301076,1909f56bfc062723c751e8b465ee728b)
Start importing Assets/Imports/mobile-controls-1/Sprites/Icons/Large (2×)/icon_music.png using Guid(f6962d5d1f1e8ae46849b4c1b5c2b5fd) Importer(815301076,1909f56bfc062723c751e8b465ee728b) (PreviewImporter) -> (artifact id: '87f096565137d05756ee56461e9837a5') in 0.0303142 seconds
Number of updated asset objects reloaded before import = 0Number of asset objects unloaded after import = 3

========================================================================
Received Import Request.
  Time since last request: 0.000040 seconds.
  path: Assets/Imports/mobile-controls-1/Sprites/Icons/Large (2×)/icon_save.png
  artifactKey: Guid(8eadef06260fd074a8329e6671d5f70e) Importer(815301076,1909f56bfc062723c751e8b465ee728b)
Start importing Assets/Imports/mobile-controls-1/Sprites/Icons/Large (2×)/icon_save.png using Guid(8eadef06260fd074a8329e6671d5f70e) Importer(815301076,1909f56bfc062723c751e8b465ee728b) (PreviewImporter) -> (artifact id: '9da483f431e981833ebe337610c75e7e') in 0.0438933 seconds
Number of updated asset objects reloaded before import = 0Number of asset objects unloaded after import = 3

========================================================================
Received Import Request.
  Time since last request: 0.000058 seconds.
  path: Assets/Imports/mobile-controls-1/Sprites/Icons/Large (2×)/icon_size_larger.png
  artifactKey: Guid(4e8553fecd8abc645a97a1018a00e255) Importer(815301076,1909f56bfc062723c751e8b465ee728b)
Start importing Assets/Imports/mobile-controls-1/Sprites/Icons/Large (2×)/icon_size_larger.png using Guid(4e8553fecd8abc645a97a1018a00e255) Importer(815301076,1909f56bfc062723c751e8b465ee728b) (PreviewImporter) -> (artifact id: '70ab2f7c5a9c04ff9181252bea1ce09d') in 0.0437039 seconds
Number of updated asset objects reloaded before import = 0Number of asset objects unloaded after import = 6

========================================================================
Received Import Request.
  Time since last request: 0.000039 seconds.
  path: Assets/Imports/mobile-controls-1/Sprites/Icons/Large (2×)/icon_jump.png
  artifactKey: Guid(1beecce5ba2c01747bf44a7bfae4ceef) Importer(815301076,1909f56bfc062723c751e8b465ee728b)
Start importing Assets/Imports/mobile-controls-1/Sprites/Icons/Large (2×)/icon_jump.png using Guid(1beecce5ba2c01747bf44a7bfae4ceef) Importer(815301076,1909f56bfc062723c751e8b465ee728b) (PreviewImporter) -> (artifact id: '57810fd13f131da7231c3f07b984d520') in 0.0219935 seconds
Number of updated asset objects reloaded before import = 0Number of asset objects unloaded after import = 3

========================================================================
Received Import Request.
  Time since last request: 0.000046 seconds.
  path: Assets/Imports/mobile-controls-1/Sprites/Icons/Large (2×)/icon_target.png
  artifactKey: Guid(16dab540c7b35544bb0441d2c9c50e0f) Importer(815301076,1909f56bfc062723c751e8b465ee728b)
Start importing Assets/Imports/mobile-controls-1/Sprites/Icons/Large (2×)/icon_target.png using Guid(16dab540c7b35544bb0441d2c9c50e0f) Importer(815301076,1909f56bfc062723c751e8b465ee728b) (PreviewImporter) -> (artifact id: 'dcea56309993bbfd06535d905df475f3') in 0.0249169 seconds
Number of updated asset objects reloaded before import = 0Number of asset objects unloaded after import = 3

========================================================================
Received Import Request.
  Time since last request: 0.000044 seconds.
  path: Assets/Imports/mobile-controls-1/Sprites/Icons/Large (2×)/icon_sword.png
  artifactKey: Guid(5d7602c82b498304fbbff7f420790d62) Importer(815301076,1909f56bfc062723c751e8b465ee728b)
Start importing Assets/Imports/mobile-controls-1/Sprites/Icons/Large (2×)/icon_sword.png using Guid(5d7602c82b498304fbbff7f420790d62) Importer(815301076,1909f56bfc062723c751e8b465ee728b) (PreviewImporter) -> (artifact id: '778b5eebe01f6c3fe56c2446d4b2da5b') in 0.0251361 seconds
Number of updated asset objects reloaded before import = 0Number of asset objects unloaded after import = 3

========================================================================
Received Import Request.
  Time since last request: 0.000086 seconds.
  path: Assets/Imports/mobile-controls-1/Sprites/Icons/Large (2×)/icon_cog.png
  artifactKey: Guid(d504e2d15cf4710489fe47b2577b502e) Importer(815301076,1909f56bfc062723c751e8b465ee728b)
Start importing Assets/Imports/mobile-controls-1/Sprites/Icons/Large (2×)/icon_cog.png using Guid(d504e2d15cf4710489fe47b2577b502e) Importer(815301076,1909f56bfc062723c751e8b465ee728b) (PreviewImporter) -> (artifact id: '18be6d7814435b44a9bb08f854fa3c4f') in 0.0481625 seconds
Number of updated asset objects reloaded before import = 0Number of asset objects unloaded after import = 3

========================================================================
Received Import Request.
  Time since last request: 0.000032 seconds.
  path: Assets/Imports/mobile-controls-1/Sprites/Icons/Large (2×)/icon_hand.png
  artifactKey: Guid(4a8a0339560af3b488c75390b447e62b) Importer(815301076,1909f56bfc062723c751e8b465ee728b)
Start importing Assets/Imports/mobile-controls-1/Sprites/Icons/Large (2×)/icon_hand.png using Guid(4a8a0339560af3b488c75390b447e62b) Importer(815301076,1909f56bfc062723c751e8b465ee728b) (PreviewImporter) -> (artifact id: 'a5d771ba9aa7488cd6778144d31ea28e') in 0.0245465 seconds
Number of updated asset objects reloaded before import = 0Number of asset objects unloaded after import = 3

========================================================================
Received Import Request.
  Time since last request: 0.000106 seconds.
  path: Assets/Imports/mobile-controls-1/Sprites/Icons/Large (2×)/icon_play.png
  artifactKey: Guid(f89a66d46057cdb4f9145830301c2d49) Importer(815301076,1909f56bfc062723c751e8b465ee728b)
Start importing Assets/Imports/mobile-controls-1/Sprites/Icons/Large (2×)/icon_play.png using Guid(f89a66d46057cdb4f9145830301c2d49) Importer(815301076,1909f56bfc062723c751e8b465ee728b) (PreviewImporter) -> (artifact id: '038e82c11e604aa272b7f02e472aa9bd') in 0.0364172 seconds
Number of updated asset objects reloaded before import = 0Number of asset objects unloaded after import = 3

========================================================================
Received Import Request.
  Time since last request: 0.000039 seconds.
  path: Assets/Imports/mobile-controls-1/Sprites/Icons/Large (2×)/icon_cross.png
  artifactKey: Guid(035cbc2f8d6010d449930ca5d2f1b943) Importer(815301076,1909f56bfc062723c751e8b465ee728b)
Start importing Assets/Imports/mobile-controls-1/Sprites/Icons/Large (2×)/icon_cross.png using Guid(035cbc2f8d6010d449930ca5d2f1b943) Importer(815301076,1909f56bfc062723c751e8b465ee728b) (PreviewImporter) -> (artifact id: '7013edb3922f11c3d39ef898da5e2867') in 0.0234572 seconds
Number of updated asset objects reloaded before import = 0Number of asset objects unloaded after import = 3

========================================================================
Received Import Request.
  Time since last request: 0.000055 seconds.
  path: Assets/Imports/mobile-controls-1/Sprites/Icons/Large (2×)/icon_talk.png
  artifactKey: Guid(bec4d2a671ffe6d4ea7b1bd3acb7626d) Importer(815301076,1909f56bfc062723c751e8b465ee728b)
Start importing Assets/Imports/mobile-controls-1/Sprites/Icons/Large (2×)/icon_talk.png using Guid(bec4d2a671ffe6d4ea7b1bd3acb7626d) Importer(815301076,1909f56bfc062723c751e8b465ee728b) (PreviewImporter) -> (artifact id: '61c18d2a2845458a475205edf3013076') in 0.0257598 seconds
Number of updated asset objects reloaded before import = 0Number of asset objects unloaded after import = 3

========================================================================
Received Import Request.
  Time since last request: 0.000043 seconds.
  path: Assets/Imports/mobile-controls-1/Sprites/Icons/Large (2×)/icon_button_a.png
  artifactKey: Guid(2476dedb78a9b7143aacb9456a080ccf) Importer(815301076,1909f56bfc062723c751e8b465ee728b)
Start importing Assets/Imports/mobile-controls-1/Sprites/Icons/Large (2×)/icon_button_a.png using Guid(2476dedb78a9b7143aacb9456a080ccf) Importer(815301076,1909f56bfc062723c751e8b465ee728b) (PreviewImporter) -> (artifact id: '8dfbc798882644fe557126d6729f5480') in 0.0245626 seconds
Number of updated asset objects reloaded before import = 0Number of asset objects unloaded after import = 3

========================================================================
Received Import Request.
  Time since last request: 0.000062 seconds.
  path: Assets/Imports/mobile-controls-1/Sprites/Icons/Large (2×)/icon_button_l.png
  artifactKey: Guid(52b3d3fcd8dca334d9c6bb841818a2d7) Importer(815301076,1909f56bfc062723c751e8b465ee728b)
Start importing Assets/Imports/mobile-controls-1/Sprites/Icons/Large (2×)/icon_button_l.png using Guid(52b3d3fcd8dca334d9c6bb841818a2d7) Importer(815301076,1909f56bfc062723c751e8b465ee728b) (PreviewImporter) -> (artifact id: '14dc4647888b9566cd318fb8578eea06') in 0.0250653 seconds
Number of updated asset objects reloaded before import = 0Number of asset objects unloaded after import = 3

========================================================================
Received Import Request.
  Time since last request: 0.000041 seconds.
  path: Assets/Imports/mobile-controls-1/Sprites/Icons/Large (2×)/icon_menu.png
  artifactKey: Guid(ad15acc90c04bbf47b8848ef2130965d) Importer(815301076,1909f56bfc062723c751e8b465ee728b)
Start importing Assets/Imports/mobile-controls-1/Sprites/Icons/Large (2×)/icon_menu.png using Guid(ad15acc90c04bbf47b8848ef2130965d) Importer(815301076,1909f56bfc062723c751e8b465ee728b) (PreviewImporter) -> (artifact id: '2d7bb5cd27da45f34e43ee432d33ac1e') in 0.0299572 seconds
Number of updated asset objects reloaded before import = 0Number of asset objects unloaded after import = 3

========================================================================
Received Import Request.
  Time since last request: 0.000054 seconds.
  path: Assets/Imports/mobile-controls-1/Sprites/Icons/Large (2×)/icon_button_b.png
  artifactKey: Guid(31fe0fac231b29f4db52cf1b7e0049ed) Importer(815301076,1909f56bfc062723c751e8b465ee728b)
Start importing Assets/Imports/mobile-controls-1/Sprites/Icons/Large (2×)/icon_button_b.png using Guid(31fe0fac231b29f4db52cf1b7e0049ed) Importer(815301076,1909f56bfc062723c751e8b465ee728b) (PreviewImporter) -> (artifact id: '1f3e2fa951715bd328d774f72d7b2895') in 0.0269185 seconds
Number of updated asset objects reloaded before import = 0Number of asset objects unloaded after import = 3

========================================================================
Received Import Request.
  Time since last request: 0.000050 seconds.
  path: Assets/Imports/mobile-controls-1/Sprites/Icons/Large (2×)/icon_arrow_rotate.png
  artifactKey: Guid(b87fabc8a86d78e4a9a5c9225de6f8ee) Importer(815301076,1909f56bfc062723c751e8b465ee728b)
Start importing Assets/Imports/mobile-controls-1/Sprites/Icons/Large (2×)/icon_arrow_rotate.png using Guid(b87fabc8a86d78e4a9a5c9225de6f8ee) Importer(815301076,1909f56bfc062723c751e8b465ee728b) (PreviewImporter) -> (artifact id: 'c61437df5af157fbc8af33fc286f13c0') in 0.0304328 seconds
Number of updated asset objects reloaded before import = 0Number of asset objects unloaded after import = 3

========================================================================
Received Import Request.
  Time since last request: 0.000068 seconds.
  path: Assets/Imports/mobile-controls-1/Sprites/Icons/Large (2×)/icon_lock.png
  artifactKey: Guid(4f0ec183d0cc95641b4b652aea8ae7a1) Importer(815301076,1909f56bfc062723c751e8b465ee728b)
Start importing Assets/Imports/mobile-controls-1/Sprites/Icons/Large (2×)/icon_lock.png using Guid(4f0ec183d0cc95641b4b652aea8ae7a1) Importer(815301076,1909f56bfc062723c751e8b465ee728b) (PreviewImporter) -> (artifact id: '994ba3c459029798bbf77353c8be22ea') in 0.0321173 seconds
Number of updated asset objects reloaded before import = 0Number of asset objects unloaded after import = 3

========================================================================
Received Import Request.
  Time since last request: 204.547385 seconds.
  path: Assets/Imports/kenney_game-icons-expansion/PNG/White/2x/toolBrush.png
  artifactKey: Guid(c37ade90f7fe38f4abcf21b24b5a302c) Importer(815301076,1909f56bfc062723c751e8b465ee728b)
Start importing Assets/Imports/kenney_game-icons-expansion/PNG/White/2x/toolBrush.png using Guid(c37ade90f7fe38f4abcf21b24b5a302c) Importer(815301076,1909f56bfc062723c751e8b465ee728b) (PreviewImporter) -> (artifact id: '3a2fbfcac1897ecd405cd71899ec76bb') in 0.0401093 seconds
Number of updated asset objects reloaded before import = 0Number of asset objects unloaded after import = 3

========================================================================
Received Import Request.
  Time since last request: 0.000044 seconds.
  path: Assets/Imports/kenney_space-shooter-redux/PNG/Parts/wingBlue_6.png
  artifactKey: Guid(0c5cfb450494f594fa85c1c79f57bf1c) Importer(815301076,1909f56bfc062723c751e8b465ee728b)
Start importing Assets/Imports/kenney_space-shooter-redux/PNG/Parts/wingBlue_6.png using Guid(0c5cfb450494f594fa85c1c79f57bf1c) Importer(815301076,1909f56bfc062723c751e8b465ee728b) (PreviewImporter) -> (artifact id: '66dde1589ef52e77492caabce4f6b803') in 0.0329034 seconds
Number of updated asset objects reloaded before import = 0Number of asset objects unloaded after import = 3

========================================================================
Received Import Request.
  Time since last request: 0.000078 seconds.
  path: Assets/Imports/kenney_space-shooter-redux/PNG/Parts/wingBlue_4.png
  artifactKey: Guid(41eabdfde0685594cba541970d37a816) Importer(815301076,1909f56bfc062723c751e8b465ee728b)
Start importing Assets/Imports/kenney_space-shooter-redux/PNG/Parts/wingBlue_4.png using Guid(41eabdfde0685594cba541970d37a816) Importer(815301076,1909f56bfc062723c751e8b465ee728b) (PreviewImporter) -> (artifact id: '3ffa64bf6ed7e77d247fbbd3df8cf3e6') in 0.0281116 seconds
Number of updated asset objects reloaded before import = 0Number of asset objects unloaded after import = 3

========================================================================
Received Import Request.
  Time since last request: 0.000038 seconds.
  path: Assets/Imports/kenney_space-shooter-redux/PNG/Parts/wingBlue_2.png
  artifactKey: Guid(b10458ebfd7ac1c42858aa632a7529fd) Importer(815301076,1909f56bfc062723c751e8b465ee728b)
Start importing Assets/Imports/kenney_space-shooter-redux/PNG/Parts/wingBlue_2.png using Guid(b10458ebfd7ac1c42858aa632a7529fd) Importer(815301076,1909f56bfc062723c751e8b465ee728b) (PreviewImporter) -> (artifact id: 'd8147d0463cd5b22e0f223be28a6b3be') in 0.0226989 seconds
Number of updated asset objects reloaded before import = 0Number of asset objects unloaded after import = 3

========================================================================
Received Import Request.
  Time since last request: 0.000040 seconds.
  path: Assets/Imports/mobile-controls-1/Sprites/Icons/Default/icon_button_a.png
  artifactKey: Guid(e566993c7f12f7b45a6116e1ee4df98e) Importer(815301076,1909f56bfc062723c751e8b465ee728b)
Start importing Assets/Imports/mobile-controls-1/Sprites/Icons/Default/icon_button_a.png using Guid(e566993c7f12f7b45a6116e1ee4df98e) Importer(815301076,1909f56bfc062723c751e8b465ee728b) (PreviewImporter) -> (artifact id: '4343b1a70c616c5e3b76b6f7b253acfc') in 0.0364967 seconds
Number of updated asset objects reloaded before import = 0Number of asset objects unloaded after import = 3

========================================================================
Received Import Request.
  Time since last request: 0.000042 seconds.
  path: Assets/Imports/ByMeTooClose!/Others/settingsButton.png
  artifactKey: Guid(5bf2bfd735456924b8d32bca15d429cf) Importer(815301076,1909f56bfc062723c751e8b465ee728b)
Start importing Assets/Imports/ByMeTooClose!/Others/settingsButton.png using Guid(5bf2bfd735456924b8d32bca15d429cf) Importer(815301076,1909f56bfc062723c751e8b465ee728b) (PreviewImporter) -> (artifact id: '78b972e3c8c6b7b135394ce733c02221') in 0.0806371 seconds
Number of updated asset objects reloaded before import = 0Number of asset objects unloaded after import = 3

========================================================================
Received Import Request.
  Time since last request: 0.000132 seconds.
  path: Assets/Imports/kenney_space-shooter-redux/PNG/Parts/turretBase_big.png
  artifactKey: Guid(fa6c965660faf1e459354b537a022f1c) Importer(815301076,1909f56bfc062723c751e8b465ee728b)
Start importing Assets/Imports/kenney_space-shooter-redux/PNG/Parts/turretBase_big.png using Guid(fa6c965660faf1e459354b537a022f1c) Importer(815301076,1909f56bfc062723c751e8b465ee728b) (PreviewImporter) -> (artifact id: 'def09a8df98cdc9bd44912aeffe8d410') in 0.0321792 seconds
Number of updated asset objects reloaded before import = 0Number of asset objects unloaded after import = 3

========================================================================
Received Import Request.
  Time since last request: 0.000054 seconds.
  path: Assets/Imports/mobile-controls-1/Sprites/Icons/Default/icon_button_l.png
  artifactKey: Guid(c937f5300b2ff644f88c5ef1b5991df9) Importer(815301076,1909f56bfc062723c751e8b465ee728b)
Start importing Assets/Imports/mobile-controls-1/Sprites/Icons/Default/icon_button_l.png using Guid(c937f5300b2ff644f88c5ef1b5991df9) Importer(815301076,1909f56bfc062723c751e8b465ee728b) (PreviewImporter) -> (artifact id: '43d30873c7ea05396af0350b880db713') in 0.0279521 seconds
Number of updated asset objects reloaded before import = 0Number of asset objects unloaded after import = 3

========================================================================
Received Import Request.
  Time since last request: 0.000048 seconds.
  path: Assets/Imports/kenney_space-shooter-redux/PNG/Parts/wingBlue_0.png
  artifactKey: Guid(3c28e70cb33c34d488c6a13ce079e2e3) Importer(815301076,1909f56bfc062723c751e8b465ee728b)
Start importing Assets/Imports/kenney_space-shooter-redux/PNG/Parts/wingBlue_0.png using Guid(3c28e70cb33c34d488c6a13ce079e2e3) Importer(815301076,1909f56bfc062723c751e8b465ee728b) (PreviewImporter) -> (artifact id: '71245926bb3761513fff5062bd778150') in 0.0219559 seconds
Number of updated asset objects reloaded before import = 0Number of asset objects unloaded after import = 3

========================================================================
Received Import Request.
  Time since last request: 0.000053 seconds.
  path: Assets/Imports/kenney_space-shooter-redux/PNG/Parts/wingBlue_1.png
  artifactKey: Guid(e8f14cf02c7f1a845b89055a37a26121) Importer(815301076,1909f56bfc062723c751e8b465ee728b)
Start importing Assets/Imports/kenney_space-shooter-redux/PNG/Parts/wingBlue_1.png using Guid(e8f14cf02c7f1a845b89055a37a26121) Importer(815301076,1909f56bfc062723c751e8b465ee728b) (PreviewImporter) -> (artifact id: '52b6f776f19103c03e0cc63fdaf64bc0') in 0.0267936 seconds
Number of updated asset objects reloaded before import = 0Number of asset objects unloaded after import = 3

========================================================================
Received Import Request.
  Time since last request: 0.000039 seconds.
  path: Assets/Imports/ByMeTooClose!/Others/playButton.png
  artifactKey: Guid(56ee7205ba8095646bf94b69e75f720e) Importer(815301076,1909f56bfc062723c751e8b465ee728b)
Start importing Assets/Imports/ByMeTooClose!/Others/playButton.png using Guid(56ee7205ba8095646bf94b69e75f720e) Importer(815301076,1909f56bfc062723c751e8b465ee728b) (PreviewImporter) -> (artifact id: 'c7595a16510f5f200bea8ec9f145bd97') in 0.0381382 seconds
Number of updated asset objects reloaded before import = 0Number of asset objects unloaded after import = 3

========================================================================
Received Import Request.
  Time since last request: 0.000064 seconds.
  path: Assets/Imports/kenney_space-shooter-redux/PNG/Parts/wingBlue_5.png
  artifactKey: Guid(3491faee8eadb9d4c80559bd03175832) Importer(815301076,1909f56bfc062723c751e8b465ee728b)
Start importing Assets/Imports/kenney_space-shooter-redux/PNG/Parts/wingBlue_5.png using Guid(3491faee8eadb9d4c80559bd03175832) Importer(815301076,1909f56bfc062723c751e8b465ee728b) (PreviewImporter) -> (artifact id: 'a6a6e25abd0cd66d9f014f4905790c07') in 0.0182243 seconds
Number of updated asset objects reloaded before import = 0Number of asset objects unloaded after import = 3

========================================================================
Received Import Request.
  Time since last request: 0.598072 seconds.
  path: Assets/Imports/kenney_ui-pack/PNG/Red/Double/button_round_flat.png
  artifactKey: Guid(a190c68a48e525943a7607a49bfa4c98) Importer(815301076,1909f56bfc062723c751e8b465ee728b)
Start importing Assets/Imports/kenney_ui-pack/PNG/Red/Double/button_round_flat.png using Guid(a190c68a48e525943a7607a49bfa4c98) Importer(815301076,1909f56bfc062723c751e8b465ee728b) (PreviewImporter) -> (artifact id: 'd3a610fd4682913a2221419350cc0489') in 0.0249634 seconds
Number of updated asset objects reloaded before import = 0Number of asset objects unloaded after import = 3

========================================================================
Received Import Request.
  Time since last request: 0.000028 seconds.
  path: Assets/Imports/kenney_ui-pack/PNG/Yellow/Double/button_square_flat.png
  artifactKey: Guid(45c08f3079fa5e14c9c542c168850455) Importer(815301076,1909f56bfc062723c751e8b465ee728b)
Start importing Assets/Imports/kenney_ui-pack/PNG/Yellow/Double/button_square_flat.png using Guid(45c08f3079fa5e14c9c542c168850455) Importer(815301076,1909f56bfc062723c751e8b465ee728b) (PreviewImporter) -> (artifact id: 'b2cb7e78d2f7085ef175f47e6211b7bd') in 0.0224157 seconds
Number of updated asset objects reloaded before import = 0Number of asset objects unloaded after import = 3

========================================================================
Received Import Request.
  Time since last request: 0.000056 seconds.
  path: Assets/Imports/kenney_ui-pack/PNG/Grey/Default/button_square_flat.png
  artifactKey: Guid(54bb2825d8b734b46bc7e27cab7184a6) Importer(815301076,1909f56bfc062723c751e8b465ee728b)
Start importing Assets/Imports/kenney_ui-pack/PNG/Grey/Default/button_square_flat.png using Guid(54bb2825d8b734b46bc7e27cab7184a6) Importer(815301076,1909f56bfc062723c751e8b465ee728b) (PreviewImporter) -> (artifact id: '672e68cee62c8a9ab64ccf7e42915e5e') in 0.0300661 seconds
Number of updated asset objects reloaded before import = 0Number of asset objects unloaded after import = 3

========================================================================
Received Import Request.
  Time since last request: 0.000040 seconds.
  path: Assets/Imports/kenney_ui-pack/PNG/Grey/Double/button_square_depth_flat.png
  artifactKey: Guid(62a4a365ff9619044ba0c1387e7e4167) Importer(815301076,1909f56bfc062723c751e8b465ee728b)
Start importing Assets/Imports/kenney_ui-pack/PNG/Grey/Double/button_square_depth_flat.png using Guid(62a4a365ff9619044ba0c1387e7e4167) Importer(815301076,1909f56bfc062723c751e8b465ee728b) (PreviewImporter) -> (artifact id: '885c4d78e4502817072a3cfa6b1310a9') in 0.0235434 seconds
Number of updated asset objects reloaded before import = 0Number of asset objects unloaded after import = 3

========================================================================
Received Import Request.
  Time since last request: 0.000057 seconds.
  path: Assets/Imports/kenney_ui-pack/PNG/Grey/Double/button_round_flat.png
  artifactKey: Guid(824ab3c0ddef1e64ebdc5c34ab1caab3) Importer(815301076,1909f56bfc062723c751e8b465ee728b)
Start importing Assets/Imports/kenney_ui-pack/PNG/Grey/Double/button_round_flat.png using Guid(824ab3c0ddef1e64ebdc5c34ab1caab3) Importer(815301076,1909f56bfc062723c751e8b465ee728b) (PreviewImporter) -> (artifact id: '9025644d7b3d2e9021e4dba3679425f2') in 0.0263369 seconds
Number of updated asset objects reloaded before import = 0Number of asset objects unloaded after import = 3

========================================================================
Received Import Request.
  Time since last request: 0.000041 seconds.
  path: Assets/Imports/kenney_ui-pack/PNG/Grey/Double/button_square_flat.png
  artifactKey: Guid(3bbaff101969e724daef97837a36f8a5) Importer(815301076,1909f56bfc062723c751e8b465ee728b)
Start importing Assets/Imports/kenney_ui-pack/PNG/Grey/Double/button_square_flat.png using Guid(3bbaff101969e724daef97837a36f8a5) Importer(815301076,1909f56bfc062723c751e8b465ee728b) (PreviewImporter) -> (artifact id: 'f5ce9160bb2c73ca4594bd9bcaaf0da8') in 0.0250769 seconds
Number of updated asset objects reloaded before import = 0Number of asset objects unloaded after import = 3

========================================================================
Received Import Request.
  Time since last request: 0.000051 seconds.
  path: Assets/Imports/kenney_ui-pack/PNG/Grey/Default/button_round_depth_flat.png
  artifactKey: Guid(aade09c23ea6a3245b3bc4b6995091d8) Importer(815301076,1909f56bfc062723c751e8b465ee728b)
Start importing Assets/Imports/kenney_ui-pack/PNG/Grey/Default/button_round_depth_flat.png using Guid(aade09c23ea6a3245b3bc4b6995091d8) Importer(815301076,1909f56bfc062723c751e8b465ee728b) (PreviewImporter) -> (artifact id: 'df8a48763160778391c7761e4551dae5') in 0.02258 seconds
Number of updated asset objects reloaded before import = 0Number of asset objects unloaded after import = 3

========================================================================
Received Import Request.
  Time since last request: 0.000036 seconds.
  path: Assets/Imports/kenney_ui-pack/PNG/Red/Double/button_round_depth_flat.png
  artifactKey: Guid(4b1e2cef53b5c204995e9895b965bf20) Importer(815301076,1909f56bfc062723c751e8b465ee728b)
Start importing Assets/Imports/kenney_ui-pack/PNG/Red/Double/button_round_depth_flat.png using Guid(4b1e2cef53b5c204995e9895b965bf20) Importer(815301076,1909f56bfc062723c751e8b465ee728b) (PreviewImporter) -> (artifact id: 'ab9defb795854a702e12eca4c974fec9') in 0.0314167 seconds
Number of updated asset objects reloaded before import = 0Number of asset objects unloaded after import = 3

========================================================================
Received Import Request.
  Time since last request: 0.000171 seconds.
  path: Assets/Imports/kenney_ui-pack/PNG/Grey/Double/button_rectangle_flat.png
  artifactKey: Guid(b58417b9d381b984a929911a763965f2) Importer(815301076,1909f56bfc062723c751e8b465ee728b)
Start importing Assets/Imports/kenney_ui-pack/PNG/Grey/Double/button_rectangle_flat.png using Guid(b58417b9d381b984a929911a763965f2) Importer(815301076,1909f56bfc062723c751e8b465ee728b) (PreviewImporter) -> (artifact id: '5aed1a12fe9ec27f13ee6d19064c6d27') in 0.0376442 seconds
Number of updated asset objects reloaded before import = 0Number of asset objects unloaded after import = 3

========================================================================
Received Import Request.
  Time since last request: 0.000045 seconds.
  path: Assets/Imports/kenney_ui-pack/PNG/Green/Double/button_rectangle_depth_flat.png
  artifactKey: Guid(5ebe654a7d933ff49bcefb4e6aa8982f) Importer(815301076,1909f56bfc062723c751e8b465ee728b)
Start importing Assets/Imports/kenney_ui-pack/PNG/Green/Double/button_rectangle_depth_flat.png using Guid(5ebe654a7d933ff49bcefb4e6aa8982f) Importer(815301076,1909f56bfc062723c751e8b465ee728b) (PreviewImporter) -> (artifact id: 'e76e9c285eed8a1220ae2d64443d93c4') in 0.0278965 seconds
Number of updated asset objects reloaded before import = 0Number of asset objects unloaded after import = 3

========================================================================
Received Import Request.
  Time since last request: 0.000049 seconds.
  path: Assets/Imports/kenney_ui-pack/PNG/Red/Double/button_rectangle_depth_flat.png
  artifactKey: Guid(77b62d16254158f4e94bb0ea963923aa) Importer(815301076,1909f56bfc062723c751e8b465ee728b)
Start importing Assets/Imports/kenney_ui-pack/PNG/Red/Double/button_rectangle_depth_flat.png using Guid(77b62d16254158f4e94bb0ea963923aa) Importer(815301076,1909f56bfc062723c751e8b465ee728b) (PreviewImporter) -> (artifact id: '4b6b5c2daa27a8dd776ac433d05d6a90') in 0.0232328 seconds
Number of updated asset objects reloaded before import = 0Number of asset objects unloaded after import = 3

========================================================================
Received Import Request.
  Time since last request: 0.000041 seconds.
  path: Assets/Imports/kenney_ui-pack/PNG/Yellow/Double/button_rectangle_flat.png
  artifactKey: Guid(30396eddce01ece4db0497abbe227da7) Importer(815301076,1909f56bfc062723c751e8b465ee728b)
Start importing Assets/Imports/kenney_ui-pack/PNG/Yellow/Double/button_rectangle_flat.png using Guid(30396eddce01ece4db0497abbe227da7) Importer(815301076,1909f56bfc062723c751e8b465ee728b) (PreviewImporter) -> (artifact id: '2f62eec96053237ebeee798db9d862ef') in 0.0250477 seconds
Number of updated asset objects reloaded before import = 0Number of asset objects unloaded after import = 3

========================================================================
Received Import Request.
  Time since last request: 0.000036 seconds.
  path: Assets/Imports/kenney_ui-pack/PNG/Grey/Double/button_round_depth_flat.png
  artifactKey: Guid(8980c3094212d8548b97692ef78e8773) Importer(815301076,1909f56bfc062723c751e8b465ee728b)
Start importing Assets/Imports/kenney_ui-pack/PNG/Grey/Double/button_round_depth_flat.png using Guid(8980c3094212d8548b97692ef78e8773) Importer(815301076,1909f56bfc062723c751e8b465ee728b) (PreviewImporter) -> (artifact id: '425f15f16976f017c609e9c845976109') in 0.0430792 seconds
Number of updated asset objects reloaded before import = 0Number of asset objects unloaded after import = 3

========================================================================
Received Import Request.
  Time since last request: 0.000092 seconds.
  path: Assets/Imports/kenney_ui-pack/PNG/Grey/Default/button_rectangle_flat.png
  artifactKey: Guid(6a1b35c3c654d414d884eadf214fb193) Importer(815301076,1909f56bfc062723c751e8b465ee728b)
Start importing Assets/Imports/kenney_ui-pack/PNG/Grey/Default/button_rectangle_flat.png using Guid(6a1b35c3c654d414d884eadf214fb193) Importer(815301076,1909f56bfc062723c751e8b465ee728b) (PreviewImporter) -> (artifact id: 'cfc3f785adf3cb217446574670eedca3') in 0.0286652 seconds
Number of updated asset objects reloaded before import = 0Number of asset objects unloaded after import = 3

========================================================================
Received Import Request.
  Time since last request: 0.000043 seconds.
  path: Assets/Imports/kenney_ui-pack/PNG/Blue/Double/button_square_flat.png
  artifactKey: Guid(5d05c5461bbb1b14e8eb48fb928352b3) Importer(815301076,1909f56bfc062723c751e8b465ee728b)
Start importing Assets/Imports/kenney_ui-pack/PNG/Blue/Double/button_square_flat.png using Guid(5d05c5461bbb1b14e8eb48fb928352b3) Importer(815301076,1909f56bfc062723c751e8b465ee728b) (PreviewImporter) -> (artifact id: 'ea04a9d18df773740436305437b2d189') in 0.0371799 seconds
Number of updated asset objects reloaded before import = 0Number of asset objects unloaded after import = 3

========================================================================
Received Import Request.
  Time since last request: 0.000151 seconds.
  path: Assets/Imports/kenney_ui-pack/PNG/Blue/Double/button_rectangle_flat.png
  artifactKey: Guid(75987a5fa471fb04ab0b55539e4083c1) Importer(815301076,1909f56bfc062723c751e8b465ee728b)
Start importing Assets/Imports/kenney_ui-pack/PNG/Blue/Double/button_rectangle_flat.png using Guid(75987a5fa471fb04ab0b55539e4083c1) Importer(815301076,1909f56bfc062723c751e8b465ee728b) (PreviewImporter) -> (artifact id: '6ef5b60e97b0c2355be62d95c0f7f135') in 0.0273728 seconds
Number of updated asset objects reloaded before import = 0Number of asset objects unloaded after import = 3

========================================================================
Received Import Request.
  Time since last request: 325.712208 seconds.
  path: Assets/Imports/mobile-controls-1/Spritesheets/style-b-large.png
  artifactKey: Guid(7492b8e488649d74bb352f23ccf2a1a1) Importer(815301076,1909f56bfc062723c751e8b465ee728b)
Start importing Assets/Imports/mobile-controls-1/Spritesheets/style-b-large.png using Guid(7492b8e488649d74bb352f23ccf2a1a1) Importer(815301076,1909f56bfc062723c751e8b465ee728b) (PreviewImporter) -> (artifact id: '9c1bcc3aa0989ada8b9f34f6d9bfdb39') in 0.3601036 seconds
Number of updated asset objects reloaded before import = 0Number of asset objects unloaded after import = 51

========================================================================
Received Import Request.
  Time since last request: 0.884728 seconds.
  path: Assets/Imports/kenney_space-shooter-redux/PNG/Parts/wingGreen_1.png
  artifactKey: Guid(53d5f2a422c68514abd8b5145782dcf4) Importer(815301076,1909f56bfc062723c751e8b465ee728b)
Start importing Assets/Imports/kenney_space-shooter-redux/PNG/Parts/wingGreen_1.png using Guid(53d5f2a422c68514abd8b5145782dcf4) Importer(815301076,1909f56bfc062723c751e8b465ee728b) (PreviewImporter) -> (artifact id: '775adb4bb250996b37f9ed40ca1f0091') in 0.0534631 seconds
Number of updated asset objects reloaded before import = 0Number of asset objects unloaded after import = 3

========================================================================
Received Import Request.
  Time since last request: 0.000044 seconds.
  path: Assets/Imports/kenney_space-shooter-redux/PNG/Parts/wingGreen_5.png
  artifactKey: Guid(bc29566ebc3198445a717b6f46c68330) Importer(815301076,1909f56bfc062723c751e8b465ee728b)
Start importing Assets/Imports/kenney_space-shooter-redux/PNG/Parts/wingGreen_5.png using Guid(bc29566ebc3198445a717b6f46c68330) Importer(815301076,1909f56bfc062723c751e8b465ee728b) (PreviewImporter) -> (artifact id: '07e93569415ca70dde74628a4799d59a') in 0.160891 seconds
Number of updated asset objects reloaded before import = 0Number of asset objects unloaded after import = 3

========================================================================
Received Import Request.
  Time since last request: 0.000080 seconds.
  path: Assets/Imports/kenney_space-shooter-redux/PNG/Parts/wingGreen_4.png
  artifactKey: Guid(07a0eda2b667aa345bbfae823e3ef6b2) Importer(815301076,1909f56bfc062723c751e8b465ee728b)
Start importing Assets/Imports/kenney_space-shooter-redux/PNG/Parts/wingGreen_4.png using Guid(07a0eda2b667aa345bbfae823e3ef6b2) Importer(815301076,1909f56bfc062723c751e8b465ee728b) (PreviewImporter) -> (artifact id: '6274aa4a4dda218424d8868259eeeb29') in 0.1045638 seconds
Number of updated asset objects reloaded before import = 0Number of asset objects unloaded after import = 3

========================================================================
Received Import Request.
  Time since last request: 0.000041 seconds.
  path: Assets/Imports/kenney_ui-pack-space-expansion 1/PNG/Extra/Default/panel_rectangle.png
  artifactKey: Guid(b837f80ea174bf7478b2d1b7249c2a89) Importer(815301076,1909f56bfc062723c751e8b465ee728b)
Start importing Assets/Imports/kenney_ui-pack-space-expansion 1/PNG/Extra/Default/panel_rectangle.png using Guid(b837f80ea174bf7478b2d1b7249c2a89) Importer(815301076,1909f56bfc062723c751e8b465ee728b) (PreviewImporter) -> (artifact id: '58497eb26fd42b97762332e2693d96e7') in 0.0323471 seconds
Number of updated asset objects reloaded before import = 0Number of asset objects unloaded after import = 3

========================================================================
Received Import Request.
  Time since last request: 0.000121 seconds.
  path: Assets/Imports/kenney_ui-pack-space-expansion/PNG/Extra/Default/panel_rectangle_screws.png
  artifactKey: Guid(866189e6ee4a88840a5536e9b7d5d0d8) Importer(815301076,1909f56bfc062723c751e8b465ee728b)
Start importing Assets/Imports/kenney_ui-pack-space-expansion/PNG/Extra/Default/panel_rectangle_screws.png using Guid(866189e6ee4a88840a5536e9b7d5d0d8) Importer(815301076,1909f56bfc062723c751e8b465ee728b) (PreviewImporter) -> (artifact id: '57991b19d16f0bf118eaa6304928c32e') in 0.3645763 seconds
Number of updated asset objects reloaded before import = 0Number of asset objects unloaded after import = 3

========================================================================
Received Import Request.
  Time since last request: 0.000142 seconds.
  path: Assets/Imports/kenney_ui-pack-space-expansion/PNG/Extra/Default/panel_rectangle.png
  artifactKey: Guid(49b59495336e41c4c833470e3455239f) Importer(815301076,1909f56bfc062723c751e8b465ee728b)
Start importing Assets/Imports/kenney_ui-pack-space-expansion/PNG/Extra/Default/panel_rectangle.png using Guid(49b59495336e41c4c833470e3455239f) Importer(815301076,1909f56bfc062723c751e8b465ee728b) (PreviewImporter) -> (artifact id: '1acf804ed7b972a42aecdc6ba73cd618') in 0.0375255 seconds
Number of updated asset objects reloaded before import = 0Number of asset objects unloaded after import = 3

========================================================================
Received Import Request.
  Time since last request: 0.000057 seconds.
  path: Assets/Imports/kenney_ui-pack-space-expansion 1/PNG/Extra/Double/panel_rectangle.png
  artifactKey: Guid(b5850f170cdee314191e077f7c92dd79) Importer(815301076,1909f56bfc062723c751e8b465ee728b)
Start importing Assets/Imports/kenney_ui-pack-space-expansion 1/PNG/Extra/Double/panel_rectangle.png using Guid(b5850f170cdee314191e077f7c92dd79) Importer(815301076,1909f56bfc062723c751e8b465ee728b) (PreviewImporter) -> (artifact id: '9ce65831947add983d0345aefabc0559') in 0.0358648 seconds
Number of updated asset objects reloaded before import = 0Number of asset objects unloaded after import = 3

========================================================================
Received Import Request.
  Time since last request: 0.000047 seconds.
  path: Assets/Imports/kenney_ui-pack-space-expansion 1/PNG/Green/Default/button_square_header_small_rectangle_screws.png
  artifactKey: Guid(fca878b8ebc38564eb3cfbcc21fb6c64) Importer(815301076,1909f56bfc062723c751e8b465ee728b)
Start importing Assets/Imports/kenney_ui-pack-space-expansion 1/PNG/Green/Default/button_square_header_small_rectangle_screws.png using Guid(fca878b8ebc38564eb3cfbcc21fb6c64) Importer(815301076,1909f56bfc062723c751e8b465ee728b) (PreviewImporter) -> (artifact id: '29109fc0f7ca8903acd792a9449ee61d') in 0.0285509 seconds
Number of updated asset objects reloaded before import = 0Number of asset objects unloaded after import = 3

========================================================================
Received Import Request.
  Time since last request: 0.000051 seconds.
  path: Assets/Imports/kenney_ui-pack-space-expansion 1/PNG/Red/Default/button_square_header_small_rectangle_screws.png
  artifactKey: Guid(33bb01c4371776f43b1a9a1dfa9f04da) Importer(815301076,1909f56bfc062723c751e8b465ee728b)
Start importing Assets/Imports/kenney_ui-pack-space-expansion 1/PNG/Red/Default/button_square_header_small_rectangle_screws.png using Guid(33bb01c4371776f43b1a9a1dfa9f04da) Importer(815301076,1909f56bfc062723c751e8b465ee728b) (PreviewImporter) -> (artifact id: 'c387afba8fa2c6661c5b2dd9d828be22') in 0.0296677 seconds
Number of updated asset objects reloaded before import = 0Number of asset objects unloaded after import = 3

========================================================================
Received Import Request.
  Time since last request: 0.000036 seconds.
  path: Assets/Imports/kenney_ui-pack-space-expansion 1/PNG/Green/Double/button_square_header_small_rectangle_screws.png
  artifactKey: Guid(192e638962b3f29489ac1777ffa26c7c) Importer(815301076,1909f56bfc062723c751e8b465ee728b)
Start importing Assets/Imports/kenney_ui-pack-space-expansion 1/PNG/Green/Double/button_square_header_small_rectangle_screws.png using Guid(192e638962b3f29489ac1777ffa26c7c) Importer(815301076,1909f56bfc062723c751e8b465ee728b) (PreviewImporter) -> (artifact id: 'c53245acf43b2bb7f66c9af991762235') in 0.0534088 seconds
Number of updated asset objects reloaded before import = 0Number of asset objects unloaded after import = 3

========================================================================
Received Import Request.
  Time since last request: 0.000051 seconds.
  path: Assets/Imports/kenney_ui-pack-space-expansion 1/PNG/Grey/Double/button_square_header_small_rectangle.png
  artifactKey: Guid(a1e730115ae416e42836273a53466637) Importer(815301076,1909f56bfc062723c751e8b465ee728b)
Start importing Assets/Imports/kenney_ui-pack-space-expansion 1/PNG/Grey/Double/button_square_header_small_rectangle.png using Guid(a1e730115ae416e42836273a53466637) Importer(815301076,1909f56bfc062723c751e8b465ee728b) (PreviewImporter) -> (artifact id: '5827ea532745a1fa147639f1b6e5de60') in 0.0220035 seconds
Number of updated asset objects reloaded before import = 0Number of asset objects unloaded after import = 3

========================================================================
Received Import Request.
  Time since last request: 0.000044 seconds.
  path: Assets/Imports/kenney_ui-pack-space-expansion 1/PNG/Grey/Default/button_square_header_notch_rectangle_screws.png
  artifactKey: Guid(2de5146cee9458d47bc15bbd3dddfee2) Importer(815301076,1909f56bfc062723c751e8b465ee728b)
Start importing Assets/Imports/kenney_ui-pack-space-expansion 1/PNG/Grey/Default/button_square_header_notch_rectangle_screws.png using Guid(2de5146cee9458d47bc15bbd3dddfee2) Importer(815301076,1909f56bfc062723c751e8b465ee728b) (PreviewImporter) -> (artifact id: '9053cd2e4e67d34beb4c075fba077296') in 0.0349352 seconds
Number of updated asset objects reloaded before import = 0Number of asset objects unloaded after import = 3

========================================================================
Received Import Request.
  Time since last request: 0.000044 seconds.
  path: Assets/Imports/kenney_ui-pack-space-expansion 1/PNG/Red/Default/button_square_header_large_rectangle_screws.png
  artifactKey: Guid(8532f4677d4e46f47bfc70e46fd97835) Importer(815301076,1909f56bfc062723c751e8b465ee728b)
Start importing Assets/Imports/kenney_ui-pack-space-expansion 1/PNG/Red/Default/button_square_header_large_rectangle_screws.png using Guid(8532f4677d4e46f47bfc70e46fd97835) Importer(815301076,1909f56bfc062723c751e8b465ee728b) (PreviewImporter) -> (artifact id: 'aea4c3331b37728d6d977a3d38601af6') in 0.023577 seconds
Number of updated asset objects reloaded before import = 0Number of asset objects unloaded after import = 3

========================================================================
Received Import Request.
  Time since last request: 0.000055 seconds.
  path: Assets/Imports/kenney_ui-pack-space-expansion 1/PNG/Green/Default/button_square_header_small_rectangle.png
  artifactKey: Guid(7cdc8a4ac92362d4187c9c27e582e5a3) Importer(815301076,1909f56bfc062723c751e8b465ee728b)
Start importing Assets/Imports/kenney_ui-pack-space-expansion 1/PNG/Green/Default/button_square_header_small_rectangle.png using Guid(7cdc8a4ac92362d4187c9c27e582e5a3) Importer(815301076,1909f56bfc062723c751e8b465ee728b) (PreviewImporter) -> (artifact id: 'ef249f216bb2ee5cde2d97c4766f2922') in 0.0316053 seconds
Number of updated asset objects reloaded before import = 0Number of asset objects unloaded after import = 3

========================================================================
Received Import Request.
  Time since last request: 0.000037 seconds.
  path: Assets/Imports/kenney_ui-pack-space-expansion 1/PNG/Red/Default/button_square_header_notch_rectangle_screws.png
  artifactKey: Guid(ace06d08e17fc264289fea5e1f44ebae) Importer(815301076,1909f56bfc062723c751e8b465ee728b)
Start importing Assets/Imports/kenney_ui-pack-space-expansion 1/PNG/Red/Default/button_square_header_notch_rectangle_screws.png using Guid(ace06d08e17fc264289fea5e1f44ebae) Importer(815301076,1909f56bfc062723c751e8b465ee728b) (PreviewImporter) -> (artifact id: 'cd889980eaccaa9ea917e214ca82b37e') in 0.0256891 seconds
Number of updated asset objects reloaded before import = 0Number of asset objects unloaded after import = 3

========================================================================
Received Import Request.
  Time since last request: 0.000112 seconds.
  path: Assets/Imports/kenney_ui-pack-space-expansion 1/PNG/Yellow/Double/button_square_header_small_rectangle.png
  artifactKey: Guid(62fbe1c2d47d0e94e944660a2aa9f532) Importer(815301076,1909f56bfc062723c751e8b465ee728b)
Start importing Assets/Imports/kenney_ui-pack-space-expansion 1/PNG/Yellow/Double/button_square_header_small_rectangle.png using Guid(62fbe1c2d47d0e94e944660a2aa9f532) Importer(815301076,1909f56bfc062723c751e8b465ee728b) (PreviewImporter) -> (artifact id: '0095d753d6eb65b868c9c61b6037029c') in 0.0273015 seconds
Number of updated asset objects reloaded before import = 0Number of asset objects unloaded after import = 3

========================================================================
Received Import Request.
  Time since last request: 0.000046 seconds.
  path: Assets/Imports/kenney_ui-pack-space-expansion 1/PNG/Red/Double/button_square_header_small_rectangle.png
  artifactKey: Guid(72d2cf2e416c52c4ea22412d89b85b0b) Importer(815301076,1909f56bfc062723c751e8b465ee728b)
Start importing Assets/Imports/kenney_ui-pack-space-expansion 1/PNG/Red/Double/button_square_header_small_rectangle.png using Guid(72d2cf2e416c52c4ea22412d89b85b0b) Importer(815301076,1909f56bfc062723c751e8b465ee728b) (PreviewImporter) -> (artifact id: '7034acbf5707a0744aa67b7253ad6db6') in 0.0314102 seconds
Number of updated asset objects reloaded before import = 0Number of asset objects unloaded after import = 3

========================================================================
Received Import Request.
  Time since last request: 0.000054 seconds.
  path: Assets/Imports/kenney_ui-pack-space-expansion 1/PNG/Red/Double/button_square_header_notch_rectangle.png
  artifactKey: Guid(27be919203eecb748bfded36da884313) Importer(815301076,1909f56bfc062723c751e8b465ee728b)
Start importing Assets/Imports/kenney_ui-pack-space-expansion 1/PNG/Red/Double/button_square_header_notch_rectangle.png using Guid(27be919203eecb748bfded36da884313) Importer(815301076,1909f56bfc062723c751e8b465ee728b) (PreviewImporter) -> (artifact id: '0c0f3fbf533379c851c43b131b45f7d7') in 0.0306297 seconds
Number of updated asset objects reloaded before import = 0Number of asset objects unloaded after import = 3

========================================================================
Received Import Request.
  Time since last request: 0.000040 seconds.
  path: Assets/Imports/kenney_ui-pack-space-expansion 1/PNG/Yellow/Double/button_square_header_notch_rectangle_screws.png
  artifactKey: Guid(b044f50b509cf324db2b4eb3dedc4ca2) Importer(815301076,1909f56bfc062723c751e8b465ee728b)
Start importing Assets/Imports/kenney_ui-pack-space-expansion 1/PNG/Yellow/Double/button_square_header_notch_rectangle_screws.png using Guid(b044f50b509cf324db2b4eb3dedc4ca2) Importer(815301076,1909f56bfc062723c751e8b465ee728b) (PreviewImporter) -> (artifact id: '2347b9aa69b8f6b3329bad80d6241592') in 0.0216808 seconds
Number of updated asset objects reloaded before import = 0Number of asset objects unloaded after import = 3

========================================================================
Received Import Request.
  Time since last request: 0.000054 seconds.
  path: Assets/Imports/kenney_ui-pack-space-expansion 1/PNG/Blue/Default/button_square_header_notch_rectangle.png
  artifactKey: Guid(e4957da897d17674cac46efdf9b23b63) Importer(815301076,1909f56bfc062723c751e8b465ee728b)
Start importing Assets/Imports/kenney_ui-pack-space-expansion 1/PNG/Blue/Default/button_square_header_notch_rectangle.png using Guid(e4957da897d17674cac46efdf9b23b63) Importer(815301076,1909f56bfc062723c751e8b465ee728b) (PreviewImporter) -> (artifact id: 'c9473ecfb13fc9db46f1c337039187a2') in 0.0432952 seconds
Number of updated asset objects reloaded before import = 0Number of asset objects unloaded after import = 3

========================================================================
Received Import Request.
  Time since last request: 0.000035 seconds.
  path: Assets/Imports/kenney_ui-pack-space-expansion 1/PNG/Yellow/Default/button_square_header_small_rectangle.png
  artifactKey: Guid(5a0e4885d66dd9b498e02f9757cebdc6) Importer(815301076,1909f56bfc062723c751e8b465ee728b)
Start importing Assets/Imports/kenney_ui-pack-space-expansion 1/PNG/Yellow/Default/button_square_header_small_rectangle.png using Guid(5a0e4885d66dd9b498e02f9757cebdc6) Importer(815301076,1909f56bfc062723c751e8b465ee728b) (PreviewImporter) -> (artifact id: '2e38b6aadbb84ff62053dd4d3cb5958e') in 0.0256502 seconds
Number of updated asset objects reloaded before import = 0Number of asset objects unloaded after import = 3

========================================================================
Received Import Request.
  Time since last request: 0.000060 seconds.
  path: Assets/Imports/kenney_ui-pack-space-expansion 1/PNG/Green/Double/button_square_header_small_rectangle.png
  artifactKey: Guid(bbedf49de8de1014ab4f1f360347cc25) Importer(815301076,1909f56bfc062723c751e8b465ee728b)
Start importing Assets/Imports/kenney_ui-pack-space-expansion 1/PNG/Green/Double/button_square_header_small_rectangle.png using Guid(bbedf49de8de1014ab4f1f360347cc25) Importer(815301076,1909f56bfc062723c751e8b465ee728b) (PreviewImporter) -> (artifact id: '8bc758806919f46fbba3e7f79aaa3c92') in 0.0303119 seconds
Number of updated asset objects reloaded before import = 0Number of asset objects unloaded after import = 3

========================================================================
Received Import Request.
  Time since last request: 0.000040 seconds.
  path: Assets/Imports/kenney_ui-pack-space-expansion 1/PNG/Blue/Double/button_square_header_notch_rectangle_screws.png
  artifactKey: Guid(b743aacd3c12a76429b2f751493f1c65) Importer(815301076,1909f56bfc062723c751e8b465ee728b)
Start importing Assets/Imports/kenney_ui-pack-space-expansion 1/PNG/Blue/Double/button_square_header_notch_rectangle_screws.png using Guid(b743aacd3c12a76429b2f751493f1c65) Importer(815301076,1909f56bfc062723c751e8b465ee728b) (PreviewImporter) -> (artifact id: 'd283f3428e385b080cc4615683050f2d') in 0.021445 seconds
Number of updated asset objects reloaded before import = 0Number of asset objects unloaded after import = 3

========================================================================
Received Import Request.
  Time since last request: 0.000064 seconds.
  path: Assets/Imports/kenney_ui-pack-space-expansion 1/PNG/Blue/Default/button_square_header_notch_rectangle_screws.png
  artifactKey: Guid(4f1139b5a1c0ff542aff0f2127a73986) Importer(815301076,1909f56bfc062723c751e8b465ee728b)
Start importing Assets/Imports/kenney_ui-pack-space-expansion 1/PNG/Blue/Default/button_square_header_notch_rectangle_screws.png using Guid(4f1139b5a1c0ff542aff0f2127a73986) Importer(815301076,1909f56bfc062723c751e8b465ee728b) (PreviewImporter) -> (artifact id: '33b67082069cd4624dd1863682ab67fc') in 0.0372544 seconds
Number of updated asset objects reloaded before import = 0Number of asset objects unloaded after import = 3

========================================================================
Received Import Request.
  Time since last request: 0.000036 seconds.
  path: Assets/Imports/kenney_ui-pack-space-expansion 1/PNG/Blue/Default/button_square_header_small_rectangle_screws.png
  artifactKey: Guid(8309b173730cc1a4b956bd7dcf4bd338) Importer(815301076,1909f56bfc062723c751e8b465ee728b)
Start importing Assets/Imports/kenney_ui-pack-space-expansion 1/PNG/Blue/Default/button_square_header_small_rectangle_screws.png using Guid(8309b173730cc1a4b956bd7dcf4bd338) Importer(815301076,1909f56bfc062723c751e8b465ee728b) (PreviewImporter) -> (artifact id: 'a1aea5faea6d38d33b96f6b1edff6f2b') in 0.0245019 seconds
Number of updated asset objects reloaded before import = 0Number of asset objects unloaded after import = 3

========================================================================
Received Import Request.
  Time since last request: 0.000095 seconds.
  path: Assets/Imports/kenney_ui-pack/PNG/Extra/Double/input_outline_rectangle.png
  artifactKey: Guid(f6d696537b504154eb438de4f30cea8a) Importer(815301076,1909f56bfc062723c751e8b465ee728b)
Start importing Assets/Imports/kenney_ui-pack/PNG/Extra/Double/input_outline_rectangle.png using Guid(f6d696537b504154eb438de4f30cea8a) Importer(815301076,1909f56bfc062723c751e8b465ee728b) (PreviewImporter) -> (artifact id: '2d9f50273c53db3d03d17d20f0b4de4f') in 0.0222291 seconds
Number of updated asset objects reloaded before import = 0Number of asset objects unloaded after import = 3

========================================================================
Received Import Request.
  Time since last request: 0.000052 seconds.
  path: Assets/Imports/kenney_ui-pack-space-expansion 1/PNG/Green/Default/button_square_header_notch_rectangle.png
  artifactKey: Guid(b779dfa344e875e4a8ed03c9431960d1) Importer(815301076,1909f56bfc062723c751e8b465ee728b)
Start importing Assets/Imports/kenney_ui-pack-space-expansion 1/PNG/Green/Default/button_square_header_notch_rectangle.png using Guid(b779dfa344e875e4a8ed03c9431960d1) Importer(815301076,1909f56bfc062723c751e8b465ee728b) (PreviewImporter) -> (artifact id: '31f05a263ca8c685eb810f4761496bfb') in 0.0258739 seconds
Number of updated asset objects reloaded before import = 0Number of asset objects unloaded after import = 3

========================================================================
Received Import Request.
  Time since last request: 0.000059 seconds.
  path: Assets/Imports/kenney_ui-pack-space-expansion 1/PNG/Grey/Default/button_square_header_small_rectangle_screws.png
  artifactKey: Guid(eee9df7fbbd46064289419fe1b88d99c) Importer(815301076,1909f56bfc062723c751e8b465ee728b)
Start importing Assets/Imports/kenney_ui-pack-space-expansion 1/PNG/Grey/Default/button_square_header_small_rectangle_screws.png using Guid(eee9df7fbbd46064289419fe1b88d99c) Importer(815301076,1909f56bfc062723c751e8b465ee728b) (PreviewImporter) -> (artifact id: '81a3130e52416326e3169f62b63ceefa') in 0.0380125 seconds
Number of updated asset objects reloaded before import = 0Number of asset objects unloaded after import = 3

========================================================================
Received Import Request.
  Time since last request: 0.000089 seconds.
  path: Assets/Imports/kenney_ui-pack-space-expansion 1/PNG/Red/Double/button_square_header_notch_rectangle_screws.png
  artifactKey: Guid(85955885a9aaff44aba90c0f8a6de70d) Importer(815301076,1909f56bfc062723c751e8b465ee728b)
Start importing Assets/Imports/kenney_ui-pack-space-expansion 1/PNG/Red/Double/button_square_header_notch_rectangle_screws.png using Guid(85955885a9aaff44aba90c0f8a6de70d) Importer(815301076,1909f56bfc062723c751e8b465ee728b) (PreviewImporter) -> (artifact id: '0344c28150ed438f06cd167312342175') in 0.0464785 seconds
Number of updated asset objects reloaded before import = 0Number of asset objects unloaded after import = 3

========================================================================
Received Import Request.
  Time since last request: 0.826048 seconds.
  path: Assets/Imports/kenney_ui-pack-space-expansion 1/PNG/Blue/Default/button_square_header_large_rectangle_screws.png
  artifactKey: Guid(9cce95847bd0241489f1791f28184956) Importer(815301076,1909f56bfc062723c751e8b465ee728b)
Start importing Assets/Imports/kenney_ui-pack-space-expansion 1/PNG/Blue/Default/button_square_header_large_rectangle_screws.png using Guid(9cce95847bd0241489f1791f28184956) Importer(815301076,1909f56bfc062723c751e8b465ee728b) (PreviewImporter) -> (artifact id: 'eb372b7df0415a99beae5b1952e14af9') in 0.0208328 seconds
Number of updated asset objects reloaded before import = 0Number of asset objects unloaded after import = 3

========================================================================
Received Import Request.
  Time since last request: 0.000034 seconds.
  path: Assets/Imports/kenney_ui-pack-space-expansion 1/PNG/Grey/Default/button_square_header_large_rectangle_screws.png
  artifactKey: Guid(2860e8f56092e6a4c89c3b77249b468b) Importer(815301076,1909f56bfc062723c751e8b465ee728b)
Start importing Assets/Imports/kenney_ui-pack-space-expansion 1/PNG/Grey/Default/button_square_header_large_rectangle_screws.png using Guid(2860e8f56092e6a4c89c3b77249b468b) Importer(815301076,1909f56bfc062723c751e8b465ee728b) (PreviewImporter) -> (artifact id: 'c13f916dab8db66b815e9cae19d31a7d') in 0.0291325 seconds
Number of updated asset objects reloaded before import = 0Number of asset objects unloaded after import = 3

========================================================================
Received Import Request.
  Time since last request: 0.000041 seconds.
  path: Assets/Imports/kenney_ui-pack-space-expansion 1/PNG/Blue/Double/button_square_header_large_rectangle.png
  artifactKey: Guid(6f6da77cbdd381d42859e16a2be0a91e) Importer(815301076,1909f56bfc062723c751e8b465ee728b)
Start importing Assets/Imports/kenney_ui-pack-space-expansion 1/PNG/Blue/Double/button_square_header_large_rectangle.png using Guid(6f6da77cbdd381d42859e16a2be0a91e) Importer(815301076,1909f56bfc062723c751e8b465ee728b) (PreviewImporter) -> (artifact id: '326ea09c186f2b04edaa6a694d4e0fee') in 0.0191572 seconds
Number of updated asset objects reloaded before import = 0Number of asset objects unloaded after import = 3

========================================================================
Received Import Request.
  Time since last request: 0.000043 seconds.
  path: Assets/Imports/kenney_ui-pack-space-expansion 1/PNG/Grey/Default/button_square_header_blade_rectangle_screws.png
  artifactKey: Guid(c1c02ef9851c65149aa80d5a610cf5d3) Importer(815301076,1909f56bfc062723c751e8b465ee728b)
Start importing Assets/Imports/kenney_ui-pack-space-expansion 1/PNG/Grey/Default/button_square_header_blade_rectangle_screws.png using Guid(c1c02ef9851c65149aa80d5a610cf5d3) Importer(815301076,1909f56bfc062723c751e8b465ee728b) (PreviewImporter) -> (artifact id: '61e5fb4bf035463d2bb804f495d263f6') in 0.027417 seconds
Number of updated asset objects reloaded before import = 0Number of asset objects unloaded after import = 3

========================================================================
Received Import Request.
  Time since last request: 0.000035 seconds.
  path: Assets/Imports/kenney_ui-pack-space-expansion 1/PNG/Red/Default/button_square_header_large_rectangle.png
  artifactKey: Guid(804633196b5e00f4c861f650b5846e01) Importer(815301076,1909f56bfc062723c751e8b465ee728b)
Start importing Assets/Imports/kenney_ui-pack-space-expansion 1/PNG/Red/Default/button_square_header_large_rectangle.png using Guid(804633196b5e00f4c861f650b5846e01) Importer(815301076,1909f56bfc062723c751e8b465ee728b) (PreviewImporter) -> (artifact id: '52cae794885d845b8d3642ca48720ece') in 0.0270822 seconds
Number of updated asset objects reloaded before import = 0Number of asset objects unloaded after import = 3

========================================================================
Received Import Request.
  Time since last request: 0.000039 seconds.
  path: Assets/Imports/kenney_ui-pack-space-expansion 1/PNG/Blue/Double/button_square_header_blade_rectangle_screws.png
  artifactKey: Guid(2a9687ccef082d64e99720aeae609fcd) Importer(815301076,1909f56bfc062723c751e8b465ee728b)
Start importing Assets/Imports/kenney_ui-pack-space-expansion 1/PNG/Blue/Double/button_square_header_blade_rectangle_screws.png using Guid(2a9687ccef082d64e99720aeae609fcd) Importer(815301076,1909f56bfc062723c751e8b465ee728b) (PreviewImporter) -> (artifact id: '1f6b4bf735256fd2c75e499231cc4c06') in 0.0319129 seconds
Number of updated asset objects reloaded before import = 0Number of asset objects unloaded after import = 3

========================================================================
Received Import Request.
  Time since last request: 0.000057 seconds.
  path: Assets/Imports/kenney_ui-pack/PNG/Extra/Double/button_rectangle_depth_line.png
  artifactKey: Guid(0489ee716f54cc149a01f619487021df) Importer(815301076,1909f56bfc062723c751e8b465ee728b)
Start importing Assets/Imports/kenney_ui-pack/PNG/Extra/Double/button_rectangle_depth_line.png using Guid(0489ee716f54cc149a01f619487021df) Importer(815301076,1909f56bfc062723c751e8b465ee728b) (PreviewImporter) -> (artifact id: '25afde3a38a559ba772b52f514a3dcfb') in 0.0341706 seconds
Number of updated asset objects reloaded before import = 0Number of asset objects unloaded after import = 3

========================================================================
Received Import Request.
  Time since last request: 0.000140 seconds.
  path: Assets/Imports/kenney_ui-pack/PNG/Yellow/Double/button_rectangle_gloss.png
  artifactKey: Guid(719c0f3a7fc70704691dc89ce826a036) Importer(815301076,1909f56bfc062723c751e8b465ee728b)
Start importing Assets/Imports/kenney_ui-pack/PNG/Yellow/Double/button_rectangle_gloss.png using Guid(719c0f3a7fc70704691dc89ce826a036) Importer(815301076,1909f56bfc062723c751e8b465ee728b) (PreviewImporter) -> (artifact id: 'baae361cf529f412ab28ef74bc4b7b1b') in 0.0408573 seconds
Number of updated asset objects reloaded before import = 0Number of asset objects unloaded after import = 3

========================================================================
Received Import Request.
  Time since last request: 0.000063 seconds.
  path: Assets/Imports/kenney_ui-pack/PNG/Red/Double/button_rectangle_border.png
  artifactKey: Guid(1085e95de8e555f41b4fe6281557f218) Importer(815301076,1909f56bfc062723c751e8b465ee728b)
Start importing Assets/Imports/kenney_ui-pack/PNG/Red/Double/button_rectangle_border.png using Guid(1085e95de8e555f41b4fe6281557f218) Importer(815301076,1909f56bfc062723c751e8b465ee728b) (PreviewImporter) -> (artifact id: '358e3e38e5a785d47bb1c4c297155a0a') in 0.0401083 seconds
Number of updated asset objects reloaded before import = 0Number of asset objects unloaded after import = 3

========================================================================
Received Import Request.
  Time since last request: 0.000033 seconds.
  path: Assets/Imports/kenney_ui-pack/PNG/Grey/Default/button_rectangle_depth_border.png
  artifactKey: Guid(d9d7c47d512a2324d8d13067c0a1eb17) Importer(815301076,1909f56bfc062723c751e8b465ee728b)
Start importing Assets/Imports/kenney_ui-pack/PNG/Grey/Default/button_rectangle_depth_border.png using Guid(d9d7c47d512a2324d8d13067c0a1eb17) Importer(815301076,1909f56bfc062723c751e8b465ee728b) (PreviewImporter) -> (artifact id: 'dd87c817dd08a3186acf8258da3e5bca') in 0.024177 seconds
Number of updated asset objects reloaded before import = 0Number of asset objects unloaded after import = 3

========================================================================
Received Import Request.
  Time since last request: 0.000051 seconds.
  path: Assets/Imports/kenney_ui-pack-space-expansion 1/PNG/Green/Double/button_square_header_blade_rectangle.png
  artifactKey: Guid(8a888627dee4f4b4b8b5f1d23f71e018) Importer(815301076,1909f56bfc062723c751e8b465ee728b)
Start importing Assets/Imports/kenney_ui-pack-space-expansion 1/PNG/Green/Double/button_square_header_blade_rectangle.png using Guid(8a888627dee4f4b4b8b5f1d23f71e018) Importer(815301076,1909f56bfc062723c751e8b465ee728b) (PreviewImporter) -> (artifact id: '077b47b72033eb4495a1b8223bbb44d9') in 0.0596091 seconds
Number of updated asset objects reloaded before import = 0Number of asset objects unloaded after import = 3

========================================================================
Received Import Request.
  Time since last request: 0.000034 seconds.
  path: Assets/Imports/kenney_ui-pack-space-expansion 1/PNG/Red/Default/button_square_header_blade_rectangle.png
  artifactKey: Guid(f039a06bfffdfb84989d99a190edfb80) Importer(815301076,1909f56bfc062723c751e8b465ee728b)
Start importing Assets/Imports/kenney_ui-pack-space-expansion 1/PNG/Red/Default/button_square_header_blade_rectangle.png using Guid(f039a06bfffdfb84989d99a190edfb80) Importer(815301076,1909f56bfc062723c751e8b465ee728b) (PreviewImporter) -> (artifact id: '3a14c9c85ffa722d069bb9bfb1b257e3') in 0.0289462 seconds
Number of updated asset objects reloaded before import = 0Number of asset objects unloaded after import = 3

========================================================================
Received Import Request.
  Time since last request: 0.000096 seconds.
  path: Assets/Imports/kenney_ui-pack-space-expansion 1/PNG/Red/Double/button_square_header_blade_rectangle.png
  artifactKey: Guid(ea1fc334620049b47aff7758033a99e8) Importer(815301076,1909f56bfc062723c751e8b465ee728b)
Start importing Assets/Imports/kenney_ui-pack-space-expansion 1/PNG/Red/Double/button_square_header_blade_rectangle.png using Guid(ea1fc334620049b47aff7758033a99e8) Importer(815301076,1909f56bfc062723c751e8b465ee728b) (PreviewImporter) -> (artifact id: '174e965076212c578e26a9d65b3e2dd9') in 0.0307076 seconds
Number of updated asset objects reloaded before import = 0Number of asset objects unloaded after import = 3

========================================================================
Received Import Request.
  Time since last request: 0.000025 seconds.
  path: Assets/Imports/kenney_ui-pack-space-expansion 1/PNG/Red/Double/button_square_header_large_rectangle_screws.png
  artifactKey: Guid(0983d60f33fa1994eac26beac3da9c72) Importer(815301076,1909f56bfc062723c751e8b465ee728b)
Start importing Assets/Imports/kenney_ui-pack-space-expansion 1/PNG/Red/Double/button_square_header_large_rectangle_screws.png using Guid(0983d60f33fa1994eac26beac3da9c72) Importer(815301076,1909f56bfc062723c751e8b465ee728b) (PreviewImporter) -> (artifact id: '4da2abe32aba0012fc76afa9b9ce5bd6') in 0.0348615 seconds
Number of updated asset objects reloaded before import = 0Number of asset objects unloaded after import = 3

========================================================================
Received Import Request.
  Time since last request: 0.000038 seconds.
  path: Assets/Imports/kenney_ui-pack/PNG/Red/Double/button_rectangle_line.png
  artifactKey: Guid(17cac15c25464b04ba6303cd14bf17e4) Importer(815301076,1909f56bfc062723c751e8b465ee728b)
Start importing Assets/Imports/kenney_ui-pack/PNG/Red/Double/button_rectangle_line.png using Guid(17cac15c25464b04ba6303cd14bf17e4) Importer(815301076,1909f56bfc062723c751e8b465ee728b) (PreviewImporter) -> (artifact id: 'db4c134145f83f42577b7203aeffe0e0') in 0.035727 seconds
Number of updated asset objects reloaded before import = 0Number of asset objects unloaded after import = 3

========================================================================
Received Import Request.
  Time since last request: 0.000045 seconds.
  path: Assets/Imports/kenney_ui-pack/PNG/Grey/Default/button_rectangle_gradient.png
  artifactKey: Guid(1f3a64c2c10717548b036ae27875eb3e) Importer(815301076,1909f56bfc062723c751e8b465ee728b)
Start importing Assets/Imports/kenney_ui-pack/PNG/Grey/Default/button_rectangle_gradient.png using Guid(1f3a64c2c10717548b036ae27875eb3e) Importer(815301076,1909f56bfc062723c751e8b465ee728b) (PreviewImporter) -> (artifact id: 'e9249e84a1be9565099aef1fcb9ff4cc') in 0.0306658 seconds
Number of updated asset objects reloaded before import = 0Number of asset objects unloaded after import = 3

========================================================================
Received Import Request.
  Time since last request: 0.000033 seconds.
  path: Assets/Imports/kenney_ui-pack/PNG/Blue/Double/button_rectangle_gradient.png
  artifactKey: Guid(17cdd3a2732ab1e4e9687ff648e977e3) Importer(815301076,1909f56bfc062723c751e8b465ee728b)
Start importing Assets/Imports/kenney_ui-pack/PNG/Blue/Double/button_rectangle_gradient.png using Guid(17cdd3a2732ab1e4e9687ff648e977e3) Importer(815301076,1909f56bfc062723c751e8b465ee728b) (PreviewImporter) -> (artifact id: 'fdaf7d43e7250358133d6e21dbfb5f77') in 0.0238632 seconds
Number of updated asset objects reloaded before import = 0Number of asset objects unloaded after import = 3

========================================================================
Received Import Request.
  Time since last request: 0.000037 seconds.
  path: Assets/Imports/kenney_ui-pack/PNG/Grey/Double/button_rectangle_depth_gradient.png
  artifactKey: Guid(ebfa524dbc158384fbf5fcc97b18a3b1) Importer(815301076,1909f56bfc062723c751e8b465ee728b)
Start importing Assets/Imports/kenney_ui-pack/PNG/Grey/Double/button_rectangle_depth_gradient.png using Guid(ebfa524dbc158384fbf5fcc97b18a3b1) Importer(815301076,1909f56bfc062723c751e8b465ee728b) (PreviewImporter) -> (artifact id: '21b8b43cd3d49ec60dec7e73b39f510c') in 0.0272315 seconds
Number of updated asset objects reloaded before import = 0Number of asset objects unloaded after import = 3

========================================================================
Received Import Request.
  Time since last request: 0.000057 seconds.
  path: Assets/Imports/kenney_ui-pack-space-expansion 1/PNG/Grey/Default/button_square_header_large_rectangle.png
  artifactKey: Guid(9e14abe0ff49bad4cb58dd57b413514d) Importer(815301076,1909f56bfc062723c751e8b465ee728b)
Start importing Assets/Imports/kenney_ui-pack-space-expansion 1/PNG/Grey/Default/button_square_header_large_rectangle.png using Guid(9e14abe0ff49bad4cb58dd57b413514d) Importer(815301076,1909f56bfc062723c751e8b465ee728b) (PreviewImporter) -> (artifact id: 'ac8df92ee85fa31d546c389bbee66fd7') in 0.0324258 seconds
Number of updated asset objects reloaded before import = 0Number of asset objects unloaded after import = 3

========================================================================
Received Import Request.
  Time since last request: 0.000032 seconds.
  path: Assets/Imports/kenney_ui-pack-space-expansion 1/PNG/Yellow/Double/button_square_header_blade_rectangle.png
  artifactKey: Guid(1c5537ae42b141f4596498830f665d76) Importer(815301076,1909f56bfc062723c751e8b465ee728b)
Start importing Assets/Imports/kenney_ui-pack-space-expansion 1/PNG/Yellow/Double/button_square_header_blade_rectangle.png using Guid(1c5537ae42b141f4596498830f665d76) Importer(815301076,1909f56bfc062723c751e8b465ee728b) (PreviewImporter) -> (artifact id: '363ef198b103cd2fb18ea2595ac34bdb') in 0.0330971 seconds
Number of updated asset objects reloaded before import = 0Number of asset objects unloaded after import = 3

========================================================================
Received Import Request.
  Time since last request: 0.000054 seconds.
  path: Assets/Imports/kenney_ui-pack/PNG/Red/Double/button_rectangle_depth_line.png
  artifactKey: Guid(8af41b47067576740a6484807c32cd3f) Importer(815301076,1909f56bfc062723c751e8b465ee728b)
Start importing Assets/Imports/kenney_ui-pack/PNG/Red/Double/button_rectangle_depth_line.png using Guid(8af41b47067576740a6484807c32cd3f) Importer(815301076,1909f56bfc062723c751e8b465ee728b) (PreviewImporter) -> (artifact id: 'd2bdec82b97a4d6210ade93e04bdc73e') in 0.0325546 seconds
Number of updated asset objects reloaded before import = 0Number of asset objects unloaded after import = 3

========================================================================
Received Import Request.
  Time since last request: 0.000034 seconds.
  path: Assets/Imports/kenney_ui-pack/PNG/Grey/Double/button_rectangle_line.png
  artifactKey: Guid(d229ab830a265454d99e3e20ae6275ca) Importer(815301076,1909f56bfc062723c751e8b465ee728b)
Start importing Assets/Imports/kenney_ui-pack/PNG/Grey/Double/button_rectangle_line.png using Guid(d229ab830a265454d99e3e20ae6275ca) Importer(815301076,1909f56bfc062723c751e8b465ee728b) (PreviewImporter) -> (artifact id: '930deb76fe40e4565f68cb6620372822') in 0.0436442 seconds
Number of updated asset objects reloaded before import = 0Number of asset objects unloaded after import = 3

========================================================================
Received Import Request.
  Time since last request: 0.000055 seconds.
  path: Assets/Imports/kenney_ui-pack/PNG/Grey/Default/button_rectangle_gloss.png
  artifactKey: Guid(e79cb99d49af52542a42bbeaa38d216c) Importer(815301076,1909f56bfc062723c751e8b465ee728b)
Start importing Assets/Imports/kenney_ui-pack/PNG/Grey/Default/button_rectangle_gloss.png using Guid(e79cb99d49af52542a42bbeaa38d216c) Importer(815301076,1909f56bfc062723c751e8b465ee728b) (PreviewImporter) -> (artifact id: '8e26ebe7228788f6919d138635e4e40f') in 0.0277197 seconds
Number of updated asset objects reloaded before import = 0Number of asset objects unloaded after import = 3

========================================================================
Received Import Request.
  Time since last request: 0.000039 seconds.
  path: Assets/Imports/kenney_ui-pack-space-expansion 1/PNG/Extra/Double/button_rectangle.png
  artifactKey: Guid(cbfc2f5e557da50429e2e225fe17e764) Importer(815301076,1909f56bfc062723c751e8b465ee728b)
Start importing Assets/Imports/kenney_ui-pack-space-expansion 1/PNG/Extra/Double/button_rectangle.png using Guid(cbfc2f5e557da50429e2e225fe17e764) Importer(815301076,1909f56bfc062723c751e8b465ee728b) (PreviewImporter) -> (artifact id: '2e32b64496c9fcdac26a10f948d0cbac') in 0.026425 seconds
Number of updated asset objects reloaded before import = 0Number of asset objects unloaded after import = 3

========================================================================
Received Import Request.
  Time since last request: 0.000125 seconds.
  path: Assets/Imports/kenney_ui-pack-space-expansion 1/PNG/Blue/Default/button_square_header_large_rectangle.png
  artifactKey: Guid(acea6c3ba4ecc3c449d25fc3d5a73da5) Importer(815301076,1909f56bfc062723c751e8b465ee728b)
Start importing Assets/Imports/kenney_ui-pack-space-expansion 1/PNG/Blue/Default/button_square_header_large_rectangle.png using Guid(acea6c3ba4ecc3c449d25fc3d5a73da5) Importer(815301076,1909f56bfc062723c751e8b465ee728b) (PreviewImporter) -> (artifact id: '085d2e6139b04e085774515719eb26d3') in 0.0273154 seconds
Number of updated asset objects reloaded before import = 0Number of asset objects unloaded after import = 3

========================================================================
Received Import Request.
  Time since last request: 0.000035 seconds.
  path: Assets/Imports/kenney_ui-pack-space-expansion 1/PNG/Blue/Double/button_square_header_large_rectangle_screws.png
  artifactKey: Guid(a50f3cbf7b9ea3c498db5262a5b6cda3) Importer(815301076,1909f56bfc062723c751e8b465ee728b)
Start importing Assets/Imports/kenney_ui-pack-space-expansion 1/PNG/Blue/Double/button_square_header_large_rectangle_screws.png using Guid(a50f3cbf7b9ea3c498db5262a5b6cda3) Importer(815301076,1909f56bfc062723c751e8b465ee728b) (PreviewImporter) -> (artifact id: '982a5bb37b55a06bed6d1a568d231a07') in 0.0208828 seconds
Number of updated asset objects reloaded before import = 0Number of asset objects unloaded after import = 3

========================================================================
Received Import Request.
  Time since last request: 0.000054 seconds.
  path: Assets/Imports/kenney_ui-pack-space-expansion/PNG/Extra/Double/button_rectangle_depth.png
  artifactKey: Guid(e3d74ff838147ef42b069f285f0c168c) Importer(815301076,1909f56bfc062723c751e8b465ee728b)
Start importing Assets/Imports/kenney_ui-pack-space-expansion/PNG/Extra/Double/button_rectangle_depth.png using Guid(e3d74ff838147ef42b069f285f0c168c) Importer(815301076,1909f56bfc062723c751e8b465ee728b) (PreviewImporter) -> (artifact id: '33acc64b7595b142991efc535cf9a012') in 0.0195902 seconds
Number of updated asset objects reloaded before import = 0Number of asset objects unloaded after import = 3

========================================================================
Received Import Request.
  Time since last request: 0.000028 seconds.
  path: Assets/Imports/kenney_ui-pack/PNG/Blue/Double/button_rectangle_depth_gloss.png
  artifactKey: Guid(709e0947df5ca304e9c123bc7a55400e) Importer(815301076,1909f56bfc062723c751e8b465ee728b)
Start importing Assets/Imports/kenney_ui-pack/PNG/Blue/Double/button_rectangle_depth_gloss.png using Guid(709e0947df5ca304e9c123bc7a55400e) Importer(815301076,1909f56bfc062723c751e8b465ee728b) (PreviewImporter) -> (artifact id: '89918caf40c881bbdecc12aba2e493bd') in 0.0193549 seconds
Number of updated asset objects reloaded before import = 0Number of asset objects unloaded after import = 3

========================================================================
Received Import Request.
  Time since last request: 0.000041 seconds.
  path: Assets/Imports/kenney_ui-pack/PNG/Red/Double/button_rectangle_depth_gloss.png
  artifactKey: Guid(bbce3590f5476b746b3269056412105c) Importer(815301076,1909f56bfc062723c751e8b465ee728b)
Start importing Assets/Imports/kenney_ui-pack/PNG/Red/Double/button_rectangle_depth_gloss.png using Guid(bbce3590f5476b746b3269056412105c) Importer(815301076,1909f56bfc062723c751e8b465ee728b) (PreviewImporter) -> (artifact id: '30c814bb29715ab792303717c75832f2') in 0.0201667 seconds
Number of updated asset objects reloaded before import = 0Number of asset objects unloaded after import = 3

========================================================================
Received Import Request.
  Time since last request: 0.000061 seconds.
  path: Assets/Imports/kenney_ui-pack/PNG/Blue/Double/button_rectangle_depth_gradient.png
  artifactKey: Guid(a6b379c1ad540fc4098ca0c302620cc7) Importer(815301076,1909f56bfc062723c751e8b465ee728b)
Start importing Assets/Imports/kenney_ui-pack/PNG/Blue/Double/button_rectangle_depth_gradient.png using Guid(a6b379c1ad540fc4098ca0c302620cc7) Importer(815301076,1909f56bfc062723c751e8b465ee728b) (PreviewImporter) -> (artifact id: 'f0809167c0a43ea6f10b4084a10d79f5') in 0.0220711 seconds
Number of updated asset objects reloaded before import = 0Number of asset objects unloaded after import = 3

========================================================================
Received Import Request.
  Time since last request: 0.000039 seconds.
  path: Assets/Imports/kenney_ui-pack-space-expansion 1/PNG/Green/Default/button_square_header_blade_rectangle.png
  artifactKey: Guid(a137b732150201343bb5d985d6a9e133) Importer(815301076,1909f56bfc062723c751e8b465ee728b)
Start importing Assets/Imports/kenney_ui-pack-space-expansion 1/PNG/Green/Default/button_square_header_blade_rectangle.png using Guid(a137b732150201343bb5d985d6a9e133) Importer(815301076,1909f56bfc062723c751e8b465ee728b) (PreviewImporter) -> (artifact id: 'b8252898ef6ea62e25a0e85410d109f0') in 0.0200424 seconds
Number of updated asset objects reloaded before import = 0Number of asset objects unloaded after import = 3

========================================================================
Received Import Request.
  Time since last request: 0.000055 seconds.
  path: Assets/Imports/kenney_ui-pack-space-expansion 1/PNG/Blue/Default/button_square_header_blade_rectangle.png
  artifactKey: Guid(603776479f09bb44983bb85b10a15c40) Importer(815301076,1909f56bfc062723c751e8b465ee728b)
Start importing Assets/Imports/kenney_ui-pack-space-expansion 1/PNG/Blue/Default/button_square_header_blade_rectangle.png using Guid(603776479f09bb44983bb85b10a15c40) Importer(815301076,1909f56bfc062723c751e8b465ee728b) (PreviewImporter) -> (artifact id: '5f7a98dc689b7d7d0f6efb1890c3ec60') in 0.0322949 seconds
Number of updated asset objects reloaded before import = 0Number of asset objects unloaded after import = 3

========================================================================
Received Import Request.
  Time since last request: 0.000038 seconds.
  path: Assets/Imports/kenney_ui-pack/PNG/Grey/Double/button_rectangle_depth_gloss.png
  artifactKey: Guid(52d105940168268428cfbc1cd53d094e) Importer(815301076,1909f56bfc062723c751e8b465ee728b)
Start importing Assets/Imports/kenney_ui-pack/PNG/Grey/Double/button_rectangle_depth_gloss.png using Guid(52d105940168268428cfbc1cd53d094e) Importer(815301076,1909f56bfc062723c751e8b465ee728b) (PreviewImporter) -> (artifact id: '5b0f4b9e4675a34a627af090ed96a7c2') in 0.0387885 seconds
Number of updated asset objects reloaded before import = 0Number of asset objects unloaded after import = 3

========================================================================
Received Import Request.
  Time since last request: 0.000062 seconds.
  path: Assets/Imports/kenney_ui-pack-space-expansion 1/PNG/Grey/Double/button_square_header_blade_rectangle_screws.png
  artifactKey: Guid(adf434ae67cb5cc46baee94460319128) Importer(815301076,1909f56bfc062723c751e8b465ee728b)
Start importing Assets/Imports/kenney_ui-pack-space-expansion 1/PNG/Grey/Double/button_square_header_blade_rectangle_screws.png using Guid(adf434ae67cb5cc46baee94460319128) Importer(815301076,1909f56bfc062723c751e8b465ee728b) (PreviewImporter) -> (artifact id: 'd2a8f180c99f86e90bd383a291b7757d') in 0.0240072 seconds
Number of updated asset objects reloaded before import = 0Number of asset objects unloaded after import = 3

========================================================================
Received Import Request.
  Time since last request: 0.000081 seconds.
  path: Assets/Imports/kenney_ui-pack-space-expansion 1/PNG/Extra/Double/button_rectangle_depth.png
  artifactKey: Guid(558594e5f04854a4aa23cb47e9c4811f) Importer(815301076,1909f56bfc062723c751e8b465ee728b)
Start importing Assets/Imports/kenney_ui-pack-space-expansion 1/PNG/Extra/Double/button_rectangle_depth.png using Guid(558594e5f04854a4aa23cb47e9c4811f) Importer(815301076,1909f56bfc062723c751e8b465ee728b) (PreviewImporter) -> (artifact id: 'bc7428c26d5e10a343f1a158cd086cfe') in 0.0253737 seconds
Number of updated asset objects reloaded before import = 0Number of asset objects unloaded after import = 3

========================================================================
Received Import Request.
  Time since last request: 0.000053 seconds.
  path: Assets/Imports/kenney_ui-pack-space-expansion 1/PNG/Extra/Default/button_rectangle.png
  artifactKey: Guid(bc23a186d437c174da2822ef5ef28209) Importer(815301076,1909f56bfc062723c751e8b465ee728b)
Start importing Assets/Imports/kenney_ui-pack-space-expansion 1/PNG/Extra/Default/button_rectangle.png using Guid(bc23a186d437c174da2822ef5ef28209) Importer(815301076,1909f56bfc062723c751e8b465ee728b) (PreviewImporter) -> (artifact id: '5a7faecfdbcb997bd8c0c5b1c29d0ee1') in 0.0334537 seconds
Number of updated asset objects reloaded before import = 0Number of asset objects unloaded after import = 3

========================================================================
Received Import Request.
  Time since last request: 0.000040 seconds.
  path: Assets/Imports/kenney_ui-pack/PNG/Grey/Double/button_rectangle_depth_border.png
  artifactKey: Guid(6ba9e9b6674e1b044aded5be00858a2d) Importer(815301076,1909f56bfc062723c751e8b465ee728b)
Start importing Assets/Imports/kenney_ui-pack/PNG/Grey/Double/button_rectangle_depth_border.png using Guid(6ba9e9b6674e1b044aded5be00858a2d) Importer(815301076,1909f56bfc062723c751e8b465ee728b) (PreviewImporter) -> (artifact id: 'f9975067499d6d476de387bc42bd0eb0') in 0.0227116 seconds
Number of updated asset objects reloaded before import = 0Number of asset objects unloaded after import = 3

========================================================================
Received Import Request.
  Time since last request: 0.000064 seconds.
  path: Assets/Imports/kenney_ui-pack/PNG/Green/Double/button_rectangle_depth_line.png
  artifactKey: Guid(ee797d30b73a20a46a96d2b20316e062) Importer(815301076,1909f56bfc062723c751e8b465ee728b)
Start importing Assets/Imports/kenney_ui-pack/PNG/Green/Double/button_rectangle_depth_line.png using Guid(ee797d30b73a20a46a96d2b20316e062) Importer(815301076,1909f56bfc062723c751e8b465ee728b) (PreviewImporter) -> (artifact id: '8105c26ca5dfc4bd16f6ecbc4bc79574') in 0.026072 seconds
Number of updated asset objects reloaded before import = 0Number of asset objects unloaded after import = 3

========================================================================
Received Import Request.
  Time since last request: 0.000041 seconds.
  path: Assets/Imports/kenney_ui-pack/PNG/Red/Double/button_rectangle_gradient.png
  artifactKey: Guid(c35155afdbb947d4da46981450f31099) Importer(815301076,1909f56bfc062723c751e8b465ee728b)
Start importing Assets/Imports/kenney_ui-pack/PNG/Red/Double/button_rectangle_gradient.png using Guid(c35155afdbb947d4da46981450f31099) Importer(815301076,1909f56bfc062723c751e8b465ee728b) (PreviewImporter) -> (artifact id: '0aa1cab60518f8bdea1ec368a2326d31') in 0.0263852 seconds
Number of updated asset objects reloaded before import = 0Number of asset objects unloaded after import = 3

========================================================================
Received Import Request.
  Time since last request: 0.000056 seconds.
  path: Assets/Imports/kenney_ui-pack/PNG/Blue/Double/button_rectangle_gloss.png
  artifactKey: Guid(45f36368cc07d0343b1f8d72c69d8abb) Importer(815301076,1909f56bfc062723c751e8b465ee728b)
Start importing Assets/Imports/kenney_ui-pack/PNG/Blue/Double/button_rectangle_gloss.png using Guid(45f36368cc07d0343b1f8d72c69d8abb) Importer(815301076,1909f56bfc062723c751e8b465ee728b) (PreviewImporter) -> (artifact id: '6f8796c80c73f1b77d3998bee80cebeb') in 0.0309083 seconds
Number of updated asset objects reloaded before import = 0Number of asset objects unloaded after import = 3

========================================================================
Received Import Request.
  Time since last request: 0.000044 seconds.
  path: Assets/Imports/kenney_ui-pack-space-expansion 1/PNG/Extra/Default/button_rectangle_depth.png
  artifactKey: Guid(790ed94d17075d24c9e790ea181cd125) Importer(815301076,1909f56bfc062723c751e8b465ee728b)
Start importing Assets/Imports/kenney_ui-pack-space-expansion 1/PNG/Extra/Default/button_rectangle_depth.png using Guid(790ed94d17075d24c9e790ea181cd125) Importer(815301076,1909f56bfc062723c751e8b465ee728b) (PreviewImporter) -> (artifact id: 'caab06122cc98fa21701d3217b0c9c66') in 0.024111 seconds
Number of updated asset objects reloaded before import = 0Number of asset objects unloaded after import = 3

========================================================================
Received Import Request.
  Time since last request: 0.000064 seconds.
  path: Assets/Imports/kenney_ui-pack/PNG/Red/Double/button_rectangle_gloss.png
  artifactKey: Guid(e0bbb374ca5da324dac39f43f9538a07) Importer(815301076,1909f56bfc062723c751e8b465ee728b)
Start importing Assets/Imports/kenney_ui-pack/PNG/Red/Double/button_rectangle_gloss.png using Guid(e0bbb374ca5da324dac39f43f9538a07) Importer(815301076,1909f56bfc062723c751e8b465ee728b) (PreviewImporter) -> (artifact id: 'c2321b2113df59d4d54801f80383fbda') in 0.0333484 seconds
Number of updated asset objects reloaded before import = 0Number of asset objects unloaded after import = 3

========================================================================
Received Import Request.
  Time since last request: 0.000038 seconds.
  path: Assets/Imports/kenney_ui-pack-space-expansion 1/PNG/Yellow/Default/button_square_header_blade_rectangle.png
  artifactKey: Guid(8bd32cbb9b525a141b05fe323aaf7dfd) Importer(815301076,1909f56bfc062723c751e8b465ee728b)
Start importing Assets/Imports/kenney_ui-pack-space-expansion 1/PNG/Yellow/Default/button_square_header_blade_rectangle.png using Guid(8bd32cbb9b525a141b05fe323aaf7dfd) Importer(815301076,1909f56bfc062723c751e8b465ee728b) (PreviewImporter) -> (artifact id: '97e5cd5024d6460645128a93b7f344db') in 0.0242868 seconds
Number of updated asset objects reloaded before import = 0Number of asset objects unloaded after import = 3

========================================================================
Received Import Request.
  Time since last request: 0.000060 seconds.
  path: Assets/Imports/kenney_ui-pack/PNG/Yellow/Double/button_rectangle_depth_border.png
  artifactKey: Guid(c965f19597b8afe4cacd5dcae8267155) Importer(815301076,1909f56bfc062723c751e8b465ee728b)
Start importing Assets/Imports/kenney_ui-pack/PNG/Yellow/Double/button_rectangle_depth_border.png using Guid(c965f19597b8afe4cacd5dcae8267155) Importer(815301076,1909f56bfc062723c751e8b465ee728b) (PreviewImporter) -> (artifact id: 'b0ec4280174f9000888308289f9998c7') in 0.0328156 seconds
Number of updated asset objects reloaded before import = 0Number of asset objects unloaded after import = 3

========================================================================
Received Import Request.
  Time since last request: 0.000030 seconds.
  path: Assets/Imports/kenney_ui-pack/PNG/Yellow/Double/button_rectangle_gradient.png
  artifactKey: Guid(58363bdf945628b4c97e4150e5a41323) Importer(815301076,1909f56bfc062723c751e8b465ee728b)
Start importing Assets/Imports/kenney_ui-pack/PNG/Yellow/Double/button_rectangle_gradient.png using Guid(58363bdf945628b4c97e4150e5a41323) Importer(815301076,1909f56bfc062723c751e8b465ee728b) (PreviewImporter) -> (artifact id: '443bed03d770eff73cf8d3f51ad6c018') in 0.0261542 seconds
Number of updated asset objects reloaded before import = 0Number of asset objects unloaded after import = 3

========================================================================
Received Import Request.
  Time since last request: 0.000090 seconds.
  path: Assets/Imports/kenney_ui-pack-space-expansion 1/PNG/Yellow/Double/button_square_header_blade_rectangle_screws.png
  artifactKey: Guid(f1ccc080f5639ca45bf1afc1cbbfd099) Importer(815301076,1909f56bfc062723c751e8b465ee728b)
Start importing Assets/Imports/kenney_ui-pack-space-expansion 1/PNG/Yellow/Double/button_square_header_blade_rectangle_screws.png using Guid(f1ccc080f5639ca45bf1afc1cbbfd099) Importer(815301076,1909f56bfc062723c751e8b465ee728b) (PreviewImporter) -> (artifact id: 'c65a2bbc13cbfdac7b06a8ad2811de4d') in 0.0290701 seconds
Number of updated asset objects reloaded before import = 0Number of asset objects unloaded after import = 3

========================================================================
Received Import Request.
  Time since last request: 5.511825 seconds.
  path: Assets/Imports/kenney_ui-pack/PNG/Blue/Double/arrow_basic_s_small.png
  artifactKey: Guid(b3cd3219fa54e594d882beb1700d8540) Importer(815301076,1909f56bfc062723c751e8b465ee728b)
Start importing Assets/Imports/kenney_ui-pack/PNG/Blue/Double/arrow_basic_s_small.png using Guid(b3cd3219fa54e594d882beb1700d8540) Importer(815301076,1909f56bfc062723c751e8b465ee728b) (PreviewImporter) -> (artifact id: 'bda65a3a0d0296634a45046043c6836b') in 0.0334141 seconds
Number of updated asset objects reloaded before import = 0Number of asset objects unloaded after import = 3

========================================================================
Received Import Request.
  Time since last request: 0.000041 seconds.
  path: Assets/Imports/kenney_ui-pack/PNG/Blue/Double/arrow_decorative_s.png
  artifactKey: Guid(16245e26423b8df41be1aade1116d817) Importer(815301076,1909f56bfc062723c751e8b465ee728b)
Start importing Assets/Imports/kenney_ui-pack/PNG/Blue/Double/arrow_decorative_s.png using Guid(16245e26423b8df41be1aade1116d817) Importer(815301076,1909f56bfc062723c751e8b465ee728b) (PreviewImporter) -> (artifact id: 'd64538ed1aa201c6cd7342e0888f1da0') in 0.0303406 seconds
Number of updated asset objects reloaded before import = 0Number of asset objects unloaded after import = 3

========================================================================
Received Import Request.
  Time since last request: 0.000089 seconds.
  path: Assets/Imports/kenney_ui-pack/PNG/Blue/Double/button_square_depth_gradient.png
  artifactKey: Guid(a7477923703f9374ca2d33c5684381d9) Importer(815301076,1909f56bfc062723c751e8b465ee728b)
Start importing Assets/Imports/kenney_ui-pack/PNG/Blue/Double/button_square_depth_gradient.png using Guid(a7477923703f9374ca2d33c5684381d9) Importer(815301076,1909f56bfc062723c751e8b465ee728b) (PreviewImporter) -> (artifact id: '83e522af78925c59a0be905624ed6241') in 0.0260063 seconds
Number of updated asset objects reloaded before import = 0Number of asset objects unloaded after import = 3

========================================================================
Received Import Request.
  Time since last request: 0.000099 seconds.
  path: Assets/Imports/kenney_ui-pack/PNG/Blue/Double/button_round_depth_gradient.png
  artifactKey: Guid(afedb1b811d75a54aa5c38533cbd6f1f) Importer(815301076,1909f56bfc062723c751e8b465ee728b)
Start importing Assets/Imports/kenney_ui-pack/PNG/Blue/Double/button_round_depth_gradient.png using Guid(afedb1b811d75a54aa5c38533cbd6f1f) Importer(815301076,1909f56bfc062723c751e8b465ee728b) (PreviewImporter) -> (artifact id: '3878947ec0a8148508866f0b1fbead44') in 0.0395332 seconds
Number of updated asset objects reloaded before import = 0Number of asset objects unloaded after import = 3

========================================================================
Received Import Request.
  Time since last request: 0.000031 seconds.
  path: Assets/Imports/kenney_ui-pack/PNG/Blue/Double/button_round_gradient.png
  artifactKey: Guid(58e7893655513e742b5795b3dfd1665f) Importer(815301076,1909f56bfc062723c751e8b465ee728b)
Start importing Assets/Imports/kenney_ui-pack/PNG/Blue/Double/button_round_gradient.png using Guid(58e7893655513e742b5795b3dfd1665f) Importer(815301076,1909f56bfc062723c751e8b465ee728b) (PreviewImporter) -> (artifact id: '0904f729223073fa50cb74367628c2a0') in 0.0276276 seconds
Number of updated asset objects reloaded before import = 0Number of asset objects unloaded after import = 3

========================================================================
Received Import Request.
  Time since last request: 0.000056 seconds.
  path: Assets/Imports/kenney_ui-pack/PNG/Blue/Double/button_round_border.png
  artifactKey: Guid(a2bade43d31ecba4996c86caa2597487) Importer(815301076,1909f56bfc062723c751e8b465ee728b)
Start importing Assets/Imports/kenney_ui-pack/PNG/Blue/Double/button_round_border.png using Guid(a2bade43d31ecba4996c86caa2597487) Importer(815301076,1909f56bfc062723c751e8b465ee728b) (PreviewImporter) -> (artifact id: '20064c4554fcc0b61372ba4ffc50dcaf') in 0.0258944 seconds
Number of updated asset objects reloaded before import = 0Number of asset objects unloaded after import = 3

========================================================================
Received Import Request.
  Time since last request: 0.000042 seconds.
  path: Assets/Imports/kenney_ui-pack/PNG/Blue/Double/button_square_border.png
  artifactKey: Guid(29eee1d84d93c5e4e8cddb0affdd763e) Importer(815301076,1909f56bfc062723c751e8b465ee728b)
Start importing Assets/Imports/kenney_ui-pack/PNG/Blue/Double/button_square_border.png using Guid(29eee1d84d93c5e4e8cddb0affdd763e) Importer(815301076,1909f56bfc062723c751e8b465ee728b) (PreviewImporter) -> (artifact id: 'db95cd628f0ff7b61f72a40535aecea9') in 0.0273627 seconds
Number of updated asset objects reloaded before import = 0Number of asset objects unloaded after import = 3

========================================================================
Received Import Request.
  Time since last request: 0.000038 seconds.
  path: Assets/Imports/kenney_ui-pack/PNG/Blue/Double/button_round_gloss.png
  artifactKey: Guid(802624e946a101a438b0ad69bb99f024) Importer(815301076,1909f56bfc062723c751e8b465ee728b)
Start importing Assets/Imports/kenney_ui-pack/PNG/Blue/Double/button_round_gloss.png using Guid(802624e946a101a438b0ad69bb99f024) Importer(815301076,1909f56bfc062723c751e8b465ee728b) (PreviewImporter) -> (artifact id: '9e96e49970b6311d57482f6d95b7e15a') in 0.0302347 seconds
Number of updated asset objects reloaded before import = 0Number of asset objects unloaded after import = 3

========================================================================
Received Import Request.
  Time since last request: 0.000062 seconds.
  path: Assets/Imports/kenney_ui-pack/PNG/Blue/Double/button_square_depth_border.png
  artifactKey: Guid(8e85954e5591f114c940d10573bf0d92) Importer(815301076,1909f56bfc062723c751e8b465ee728b)
Start importing Assets/Imports/kenney_ui-pack/PNG/Blue/Double/button_square_depth_border.png using Guid(8e85954e5591f114c940d10573bf0d92) Importer(815301076,1909f56bfc062723c751e8b465ee728b) (PreviewImporter) -> (artifact id: 'dda681101b3e2a52d16d18e6344e6fb2') in 0.0301462 seconds
Number of updated asset objects reloaded before import = 0Number of asset objects unloaded after import = 3

========================================================================
Received Import Request.
  Time since last request: 0.000034 seconds.
  path: Assets/Imports/kenney_ui-pack/PNG/Blue/Double/check_round_color.png
  artifactKey: Guid(8e82cd977d6dcdd41952ad9b0547abd1) Importer(815301076,1909f56bfc062723c751e8b465ee728b)
Start importing Assets/Imports/kenney_ui-pack/PNG/Blue/Double/check_round_color.png using Guid(8e82cd977d6dcdd41952ad9b0547abd1) Importer(815301076,1909f56bfc062723c751e8b465ee728b) (PreviewImporter) -> (artifact id: '00b8054a6f3e944d1226613c35eccf61') in 0.0191476 seconds
Number of updated asset objects reloaded before import = 0Number of asset objects unloaded after import = 3

========================================================================
Received Import Request.
  Time since last request: 0.000043 seconds.
  path: Assets/Imports/kenney_ui-pack/PNG/Blue/Double/arrow_decorative_n_small.png
  artifactKey: Guid(b55009f9b34901e4cabc4517123ff455) Importer(815301076,1909f56bfc062723c751e8b465ee728b)
Start importing Assets/Imports/kenney_ui-pack/PNG/Blue/Double/arrow_decorative_n_small.png using Guid(b55009f9b34901e4cabc4517123ff455) Importer(815301076,1909f56bfc062723c751e8b465ee728b) (PreviewImporter) -> (artifact id: '08f441e69b2d51fa9194a4ffcf8f50a1') in 0.0291402 seconds
Number of updated asset objects reloaded before import = 0Number of asset objects unloaded after import = 3

========================================================================
Received Import Request.
  Time since last request: 0.000143 seconds.
  path: Assets/Imports/kenney_ui-pack/PNG/Blue/Double/button_square_depth_line.png
  artifactKey: Guid(114d498598a625746b0036e9c65a5c36) Importer(815301076,1909f56bfc062723c751e8b465ee728b)
Start importing Assets/Imports/kenney_ui-pack/PNG/Blue/Double/button_square_depth_line.png using Guid(114d498598a625746b0036e9c65a5c36) Importer(815301076,1909f56bfc062723c751e8b465ee728b) (PreviewImporter) -> (artifact id: '0cafac1fe1ad901f6eb37d236f2b83b0') in 0.0245719 seconds
Number of updated asset objects reloaded before import = 0Number of asset objects unloaded after import = 3

========================================================================
Received Import Request.
  Time since last request: 0.000044 seconds.
  path: Assets/Imports/kenney_ui-pack/PNG/Blue/Double/arrow_decorative_w.png
  artifactKey: Guid(45ef96a571bd2ae4687130c753db515a) Importer(815301076,1909f56bfc062723c751e8b465ee728b)
Start importing Assets/Imports/kenney_ui-pack/PNG/Blue/Double/arrow_decorative_w.png using Guid(45ef96a571bd2ae4687130c753db515a) Importer(815301076,1909f56bfc062723c751e8b465ee728b) (PreviewImporter) -> (artifact id: 'ba8597919085294192d77c07a9a3d5ab') in 0.0500989 seconds
Number of updated asset objects reloaded before import = 0Number of asset objects unloaded after import = 3

========================================================================
Received Import Request.
  Time since last request: 0.000051 seconds.
  path: Assets/Imports/kenney_ui-pack/PNG/Blue/Double/arrow_decorative_s_small.png
  artifactKey: Guid(cc70deac7edd6c14f9a3afca33af691b) Importer(815301076,1909f56bfc062723c751e8b465ee728b)
Start importing Assets/Imports/kenney_ui-pack/PNG/Blue/Double/arrow_decorative_s_small.png using Guid(cc70deac7edd6c14f9a3afca33af691b) Importer(815301076,1909f56bfc062723c751e8b465ee728b) (PreviewImporter) -> (artifact id: '5326dbd7fd2c462e5972f842b22ef4b1') in 0.019499 seconds
Number of updated asset objects reloaded before import = 0Number of asset objects unloaded after import = 3

========================================================================
Received Import Request.
  Time since last request: 122.712241 seconds.
  path: Assets/Imports/kenney_ui-pack/PNG/Blue/Double/slide_vertical_grey_section_wide.png
  artifactKey: Guid(cec1e472846197f488a61bdc14bb1c91) Importer(815301076,1909f56bfc062723c751e8b465ee728b)
Start importing Assets/Imports/kenney_ui-pack/PNG/Blue/Double/slide_vertical_grey_section_wide.png using Guid(cec1e472846197f488a61bdc14bb1c91) Importer(815301076,1909f56bfc062723c751e8b465ee728b) (PreviewImporter) -> (artifact id: '37e855042823e8389cc1d430e0de030d') in 0.0330796 seconds
Number of updated asset objects reloaded before import = 0Number of asset objects unloaded after import = 3

========================================================================
Received Import Request.
  Time since last request: 0.000098 seconds.
  path: Assets/Imports/kenney_car-kit/Previews/suv-luxury.png
  artifactKey: Guid(dc8612175afb1a4439da12ba44ec1b9d) Importer(815301076,1909f56bfc062723c751e8b465ee728b)
Start importing Assets/Imports/kenney_car-kit/Previews/suv-luxury.png using Guid(dc8612175afb1a4439da12ba44ec1b9d) Importer(815301076,1909f56bfc062723c751e8b465ee728b) (PreviewImporter) -> (artifact id: '44d9dd322ddae3473a637c53dcd4a686') in 0.0315372 seconds
Number of updated asset objects reloaded before import = 0Number of asset objects unloaded after import = 3

========================================================================
Received Import Request.
  Time since last request: 0.000047 seconds.
  path: Assets/Imports/ByMe/Van.png
  artifactKey: Guid(d9f305c2e7c4c9b4eaa4d73651869e20) Importer(815301076,1909f56bfc062723c751e8b465ee728b)
Start importing Assets/Imports/ByMe/Van.png using Guid(d9f305c2e7c4c9b4eaa4d73651869e20) Importer(815301076,1909f56bfc062723c751e8b465ee728b) (PreviewImporter) -> (artifact id: '4f28c56985a979150947ac93e72d671d') in 0.0422838 seconds
Number of updated asset objects reloaded before import = 0Number of asset objects unloaded after import = 3

========================================================================
Received Import Request.
  Time since last request: 0.000046 seconds.
  path: Assets/Imports/kenney_game-icons-expansion/Game icons (base)/PNG/White/2x/video.png
  artifactKey: Guid(176b251a80b0483438e040ce82fca162) Importer(815301076,1909f56bfc062723c751e8b465ee728b)
Start importing Assets/Imports/kenney_game-icons-expansion/Game icons (base)/PNG/White/2x/video.png using Guid(176b251a80b0483438e040ce82fca162) Importer(815301076,1909f56bfc062723c751e8b465ee728b) (PreviewImporter) -> (artifact id: 'c0fbf2bc16b873a380cb0873a538e231') in 0.033119 seconds
Number of updated asset objects reloaded before import = 0Number of asset objects unloaded after import = 3

========================================================================
Received Import Request.
  Time since last request: 0.000067 seconds.
  path: Assets/Imports/kenney_ui-pack/PNG/Grey/Double/slide_vertical_grey_section_wide.png
  artifactKey: Guid(933ec652dba4311469e92a162184f137) Importer(815301076,1909f56bfc062723c751e8b465ee728b)
Start importing Assets/Imports/kenney_ui-pack/PNG/Grey/Double/slide_vertical_grey_section_wide.png using Guid(933ec652dba4311469e92a162184f137) Importer(815301076,1909f56bfc062723c751e8b465ee728b) (PreviewImporter) -> (artifact id: '6e0744fd4d0a13494822c547562aceb9') in 0.0280918 seconds
Number of updated asset objects reloaded before import = 0Number of asset objects unloaded after import = 3

========================================================================
Received Import Request.
  Time since last request: 0.000039 seconds.
  path: Assets/Imports/kenney_car-kit/Previews/tractor-shovel.png
  artifactKey: Guid(222bb126fc8af29438f34649815d1b38) Importer(815301076,1909f56bfc062723c751e8b465ee728b)
Start importing Assets/Imports/kenney_car-kit/Previews/tractor-shovel.png using Guid(222bb126fc8af29438f34649815d1b38) Importer(815301076,1909f56bfc062723c751e8b465ee728b) (PreviewImporter) -> (artifact id: '65529d356282bccc2a022d15005c5c35') in 0.0429895 seconds
Number of updated asset objects reloaded before import = 0Number of asset objects unloaded after import = 3

========================================================================
Received Import Request.
  Time since last request: 85.688111 seconds.
  path: Assets/Imports/kenney_game-icons-expansion/Game icons (base)/PNG/White/2x/trashcan.png
  artifactKey: Guid(1ca71434208aedb4bacbaf658c70df75) Importer(815301076,1909f56bfc062723c751e8b465ee728b)
Start importing Assets/Imports/kenney_game-icons-expansion/Game icons (base)/PNG/White/2x/trashcan.png using Guid(1ca71434208aedb4bacbaf658c70df75) Importer(815301076,1909f56bfc062723c751e8b465ee728b) (PreviewImporter) -> (artifact id: '5836a0c2ba6fa798225971d1c2ad0693') in 0.0289534 seconds
Number of updated asset objects reloaded before import = 0Number of asset objects unloaded after import = 3

========================================================================
Received Import Request.
  Time since last request: 0.000136 seconds.
  path: Assets/Imports/kenney_pixel-ui-pack/9-Slice/Ancient/white_pressed.png
  artifactKey: Guid(278f9911bb5b2b44a9675fc7cc20c207) Importer(815301076,1909f56bfc062723c751e8b465ee728b)
Start importing Assets/Imports/kenney_pixel-ui-pack/9-Slice/Ancient/white_pressed.png using Guid(278f9911bb5b2b44a9675fc7cc20c207) Importer(815301076,1909f56bfc062723c751e8b465ee728b) (PreviewImporter) -> (artifact id: '52ee5e241887d490ca9651219232632c') in 0.0198555 seconds
Number of updated asset objects reloaded before import = 0Number of asset objects unloaded after import = 3

========================================================================
Received Import Request.
  Time since last request: 0.361422 seconds.
  path: Assets/Imports/kenney_ui-pack/PNG/Grey/Default/star_outline_depth.png
  artifactKey: Guid(c1263537aa9731440bb36ac22caebf87) Importer(815301076,1909f56bfc062723c751e8b465ee728b)
Start importing Assets/Imports/kenney_ui-pack/PNG/Grey/Default/star_outline_depth.png using Guid(c1263537aa9731440bb36ac22caebf87) Importer(815301076,1909f56bfc062723c751e8b465ee728b) (PreviewImporter) -> (artifact id: 'e619fc3614cabed7b974cf39962dfe20') in 0.0497839 seconds
Number of updated asset objects reloaded before import = 0Number of asset objects unloaded after import = 3

========================================================================
Received Import Request.
  Time since last request: 0.000037 seconds.
  path: Assets/Imports/kenney_ui-pack/PNG/Grey/Double/star_outline_depth.png
  artifactKey: Guid(7af5bb105eb542d48b5084ac59ac80b3) Importer(815301076,1909f56bfc062723c751e8b465ee728b)
Start importing Assets/Imports/kenney_ui-pack/PNG/Grey/Double/star_outline_depth.png using Guid(7af5bb105eb542d48b5084ac59ac80b3) Importer(815301076,1909f56bfc062723c751e8b465ee728b) (PreviewImporter) -> (artifact id: '39be8aa7c7ecccfc4de73efa6ac7c8bc') in 0.0416036 seconds
Number of updated asset objects reloaded before import = 0Number of asset objects unloaded after import = 3

========================================================================
Received Import Request.
  Time since last request: 0.000035 seconds.
  path: Assets/Imports/kenney_ui-pack/PNG/Blue/Double/star_outline_depth.png
  artifactKey: Guid(c4bb1cb8c34ee5643a284fe90fa8a2bd) Importer(815301076,1909f56bfc062723c751e8b465ee728b)
Start importing Assets/Imports/kenney_ui-pack/PNG/Blue/Double/star_outline_depth.png using Guid(c4bb1cb8c34ee5643a284fe90fa8a2bd) Importer(815301076,1909f56bfc062723c751e8b465ee728b) (PreviewImporter) -> (artifact id: '57a77585f62377ed6e097a8ccb38450a') in 0.0273008 seconds
Number of updated asset objects reloaded before import = 0Number of asset objects unloaded after import = 3

========================================================================
Received Import Request.
  Time since last request: 0.000045 seconds.
  path: Assets/Imports/kenney_ui-pack/PNG/Yellow/Double/star_outline_depth.png
  artifactKey: Guid(7f85745768e52cf4db9c516f02a0fb1d) Importer(815301076,1909f56bfc062723c751e8b465ee728b)
Start importing Assets/Imports/kenney_ui-pack/PNG/Yellow/Double/star_outline_depth.png using Guid(7f85745768e52cf4db9c516f02a0fb1d) Importer(815301076,1909f56bfc062723c751e8b465ee728b) (PreviewImporter) -> (artifact id: 'ed93726a28ecb3deef5649ead808a852') in 0.0228317 seconds
Number of updated asset objects reloaded before import = 0Number of asset objects unloaded after import = 3

========================================================================
Received Prepare
[Licensing::Client] Successfully resolved entitlement details
Assembly reference Packages/com.unity.cinemachine/Editor/Samples/ExposeHDRPInternals/HDRP-Editor-ref.asmref has no target assembly definition
Assembly reference Packages/com.unity.cinemachine/Editor/Samples/ExposeHDRPInternals/HDRP-Editor-ref.asmref has no target assembly definition
Begin MonoManager ReloadAssembly
[Licensing::Client] Successfully resolved entitlement details
Symbol file LoadedFromMemory is not a mono symbol file
- Loaded All Assemblies, in  4.484 seconds
Assembly reference Packages/com.unity.cinemachine/Editor/Samples/ExposeHDRPInternals/HDRP-Editor-ref.asmref has no target assembly definition
'Packages/com.unity.cinemachine/Editor/Obsolete/CinemachineVirtualCameraBaseEditor.cs' contains partial class of Unity.Object, exactly 1 of the partial classes needs to be in a file with the same filename. This is to know the one that can be referenced from ie. GameObjects
'Packages/com.unity.cinemachine/Editor/Editors/CinemachineVirtualCameraBaseEditor.cs' contains partial class of Unity.Object, exactly 1 of the partial classes needs to be in a file with the same filename. This is to know the one that can be referenced from ie. GameObjects
Refreshing native plugins compatible for Editor in 60.11 ms, found 8 plugins.
Native extension for iOS target not found
Native extension for Android target not found
Native extension for WindowsStandalone target not found
Assembly reference Packages/com.unity.cinemachine/Editor/Samples/ExposeHDRPInternals/HDRP-Editor-ref.asmref has no target assembly definition
[Package Manager] Failed to launch server process. Reason: Unity was launched with the -noUpm command-line argument
[Package Manager] Unable to send message (not connected to server process).
[Package Manager] Cannot connect to Unity Package Manager local server
[Package Manager] Failed to launch server process. Reason: Unity was launched with the -noUpm command-line argument
[Package Manager] Unable to send message (not connected to server process).
[Package Manager] Cannot connect to Unity Package Manager local server
Mono: successfully reloaded assembly
- Finished resetting the current domain, in  2.819 seconds
Domain Reload Profiling: 7272ms
	BeginReloadAssembly (1116ms)
		ExecutionOrderSort (0ms)
		DisableScriptedObjects (68ms)
		BackupInstance (0ms)
		ReleaseScriptingObjects (1ms)
		CreateAndSetChildDomain (265ms)
	RebuildCommonClasses (95ms)
	RebuildNativeTypeToScriptingClass (39ms)
	initialDomainReloadingComplete (153ms)
	LoadAllAssembliesAndSetupDomain (3049ms)
		LoadAssemblies (1900ms)
		RebuildTransferFunctionScriptingTraits (0ms)
		AnalyzeDomain (1396ms)
			TypeCache.Refresh (43ms)
				TypeCache.ScanAssembly (5ms)
			BuildScriptInfoCaches (1245ms)
			ResolveRequiredComponents (82ms)
	FinalizeReload (2820ms)
		ReleaseScriptCaches (0ms)
		RebuildScriptCaches (0ms)
		SetupLoadedEditorAssemblies (2373ms)
			LogAssemblyErrors (0ms)
			InitializePlatformSupportModulesInManaged (69ms)
			SetLoadedEditorAssemblies (10ms)
			BeforeProcessingInitializeOnLoad (489ms)
			ProcessInitializeOnLoadAttributes (1553ms)
			ProcessInitializeOnLoadMethodAttributes (192ms)
			AfterProcessingInitializeOnLoad (58ms)
			EditorAssembliesLoaded (1ms)
		ExecutionOrderSort2 (0ms)
		AwakeInstancesAfterBackupRestoration (35ms)
Refreshing native plugins compatible for Editor in 39.93 ms, found 8 plugins.
Preloading 0 native plugins for Editor in 0.00 ms.
Unloading 15 Unused Serialized files (Serialized files now loaded: 0)
Unloading 8482 unused Assets / (4.8 MB). Loaded Objects now: 9342.
Memory consumption went from 161.9 MB to 157.1 MB.
Total: 16.796000 ms (FindLiveObjects: 1.569800 ms CreateObjectMapping: 1.230600 ms MarkObjects: 8.394300 ms  DeleteObjects: 5.599500 ms)

Prepare: number of updated asset objects reloaded= 0
